repo,subrepo,lang,includes,contains,declares,encloses,specializes,encapsulates,returns,instantiates,invokes,uses,parameterizes,typed,measures,overrides
0x7c13__Notepads,,csharp,36,213,169,195,63,1657,60,191,1120,86,1598,236,2473,22
1Remote__1Remote,,csharp,53,227,283,351,80,2265,159,203,1298,318,1660,314,2927,130
2dust__clashN,,csharp,9,71,84,101,1,487,5,45,515,60,421,87,785,0
2dust__v2rayN,,csharp,14,108,181,197,12,893,30,91,1253,265,833,225,1415,0
AssetRipper__AssetRipper,,csharp,162,1050,1519,1822,733,5822,312,1974,3623,540,6732,1618,11559,342
AutoDarkMode__Windows-Auto-Night-Mode,,csharp,31,147,216,260,20,1514,30,80,1164,191,1377,157,2510,18
AutoFixture__AutoFixture,,csharp,79,1143,1467,1836,435,7064,250,7954,3939,743,4064,859,15383,101
AutoMapper__AutoMapper,,csharp,29,495,5071,8760,1595,5468,974,2155,1806,129,2612,1227,15198,1060
AvaloniaUI__Avalonia,,csharp,415,3368,5184,6665,2647,33776,2640,13564,28117,5481,26936,11241,53194,1853
Azure__DotNetty,,csharp,138,898,1164,1552,618,12579,2056,2444,13689,8236,11151,3795,19971,1709
BartoszCichecki__LenovoLegionToolkit,,csharp,63,505,688,846,117,3079,151,417,2216,130,2147,574,5545,103
BepInEx__BepInEx,,csharp,38,117,159,204,28,798,24,99,475,61,728,92,1415,13
BeyondDimension__SteamTools,,csharp,256,888,692,862,181,4419,249,216,1649,366,3726,393,6090,67
BililiveRecorder__BililiveRecorder,,csharp,58,334,388,502,104,1601,80,313,505,665,1334,418,2656,11
BluePointLilac__ContextMenuManager,,csharp,7,110,212,285,167,1219,4,279,825,204,676,162,1543,11
BornToBeRoot__NETworkManager,,csharp,46,636,570,606,161,4349,22,450,1730,165,2760,422,5354,0
ClosedXML__ClosedXML,,csharp,99,768,880,1008,381,8598,2731,2270,9210,734,7995,2299,16702,238
Code52__carnac,,csharp,16,68,68,85,14,369,21,107,157,51,191,78,521,2
Codeusa__Borderless-Gaming,,csharp,13,35,46,59,0,410,6,27,300,81,496,39,693,0
CommunityToolkit__WindowsCommunityToolkit,,csharp,341,1414,1264,1464,421,10129,781,2219,7116,886,9136,1193,16092,234
Cysharp__MagicOnion,,csharp,122,631,1248,1531,304,6131,229,971,4194,1780,6370,2055,10980,77
Cysharp__UniTask,,csharp,22,214,760,1032,218,7153,775,1164,6869,4617,6592,409,9700,153
DapperLib__Dapper,,csharp,21,152,354,551,69,1722,92,291,1073,134,1990,160,3336,28
Davidobot__BetterJoy,,csharp,4,13,19,25,0,430,2,19,209,293,282,25,428,0
DevToys-app__DevToys,,csharp,118,563,554,634,268,2702,308,255,1403,162,2370,614,4673,85
DotNetNext__SqlSugar,,csharp,647,3675,2361,3004,476,12994,2012,2191,9810,1338,18312,1816,26513,1184
Dotnet-Boxed__Templates,,csharp,47,178,189,248,18,527,3,25,82,233,519,79,997,0
EduardoPires__EquinoxProject,,csharp,34,64,64,109,10,170,0,16,61,0,154,44,401,0
ElectronNET__Electron.NET,,csharp,11,184,165,169,9,613,11,60,715,30,504,107,1151,0
EllanJiang__GameFramework,,csharp,30,330,287,398,145,3444,281,716,1942,321,5293,531,5641,154
EsotericSoftware__spine-runtimes,,csharp,66,285,457,517,149,4829,218,375,2716,3290,3364,1168,5118,123
EventStore__EventStore,,csharp,358,2703,4657,6216,1702,29830,1406,9348,24712,12378,19459,7648,45003,905
ExcelDataReader__ExcelDataReader,,csharp,20,178,179,202,85,998,56,236,840,57,846,90,1719,40
ExtendRealityLtd__VRTK,,csharp,2,8,9,9,0,91,0,1,13,0,12,2,106,0
FastEndpoints__FastEndpoints,,csharp,123,330,572,704,69,975,2,182,171,45,936,154,2580,8
File-New-Project__EarTrumpet,,csharp,41,309,329,389,146,1571,31,175,691,109,1331,354,2513,20
Flow-Launcher__Flow.Launcher,,csharp,77,321,378,488,138,2355,55,314,1597,214,2256,456,3905,40
FluentValidation__FluentValidation,,csharp,12,213,383,505,68,1897,81,1598,2019,87,1151,121,3782,7
Fody__Fody,,csharp,31,131,113,37,14,447,8,74,259,32,312,32,891,22
GhostPack__Rubeus,,csharp,18,155,251,316,73,1936,213,478,1608,734,2166,544,2758,96
GhostPack__Seatbelt,,csharp,14,164,450,626,321,1285,14,189,598,126,1737,539,2050,199
HJLebbink__asm-dude,,csharp,35,178,309,336,112,2622,50,317,3429,2722,2377,453,3736,90
HMBSbige__ShadowsocksR-Windows,,csharp,21,164,169,200,50,1834,19,127,1263,387,1661,181,2471,113
HandyOrg__HandyControl,,csharp,113,794,742,842,104,6578,168,302,2488,951,5058,457,8071,143
HangfireIO__Hangfire,,csharp,49,494,626,747,204,4629,248,1127,4119,436,4170,1088,8122,159
HearthSim__Hearthstone-Deck-Tracker,,csharp,111,647,740,924,89,5759,119,532,4606,1848,4807,915,8405,59
Humanizr__Humanizer,,csharp,89,476,450,434,107,3295,72,112,1763,30,4736,44,6809,158
Jackett__Jackett,,csharp,44,293,395,484,190,1983,113,628,1890,1194,2097,916,3447,216
JamesNK__Newtonsoft.Json,,csharp,40,932,1521,2040,557,7270,236,4279,8895,896,4561,1123,14110,402
JavScraper__Emby.Plugins.JavScraper,,csharp,10,50,68,83,9,332,17,40,134,51,325,46,501,29
JeffreySu__WeiXinMPSDK,,csharp,578,1788,3243,3918,1436,5912,1046,1359,6383,1958,12680,1424,13437,23
Jessecar96__SteamDesktopAuthenticator,,csharp,2,20,25,28,0,164,2,27,106,33,171,6,270,0
JosefNemec__Playnite,,csharp,118,736,1231,1458,413,10491,333,1322,4950,1197,7649,2122,12721,219
JoshClose__CsvHelper,,csharp,35,457,985,1535,167,2565,113,2260,2531,118,1622,491,5623,52
JustArchiNET__ArchiSteamFarm,,csharp,41,224,218,267,93,1724,8,138,2170,421,1750,180,2816,21
Kareadita__Kavita,,csharp,88,728,791,879,144,4240,194,1672,5658,871,4539,1354,7935,18
Kinnara__ModernWpf,,csharp,106,729,873,980,233,7449,174,759,4597,303,6796,965,11315,234
Klocman__Bulk-Crap-Uninstaller,,csharp,116,491,659,827,193,5440,143,488,3293,532,5062,1011,7899,189
Kyome22__RunCat_for_windows,,csharp,1,1,2,2,0,42,0,1,21,0,26,0,52,0
LibreHardwareMonitor__LibreHardwareMonitor,,csharp,29,269,455,665,146,4189,59,394,1867,848,2523,1118,4008,146
Lidarr__Lidarr,,csharp,423,2256,2805,3304,1083,13520,1174,3166,12904,340,12054,6313,24979,237
LykosAI__StabilityMatrix,,csharp,129,931,991,1205,323,5083,193,711,2776,435,4241,1331,8030,125
MahApps__MahApps.Metro,,csharp,42,336,346,389,95,3632,18,148,1224,1610,3084,202,4836,55
MapsterMapper__Mapster,,csharp,50,241,632,954,62,1455,146,561,1273,87,1312,289,3393,62
MaterialDesignInXAML__MaterialDesignInXamlToolkit,,csharp,69,593,636,730,108,3513,50,243,1079,138,3404,196,5511,4
MediaBrowser__Emby,,csharp,189,973,1602,2005,444,12006,218,1101,7096,2376,13066,1513,16524,738
Megabit__Blazorise,,csharp,281,1403,1471,1724,883,23131,158,461,5872,513,9804,1911,21024,3943
MessagePack-CSharp__MessagePack-CSharp,,csharp,64,375,1186,1426,179,5126,308,1132,5254,2405,4496,2052,8737,56
MicaForEveryone__MicaForEveryone,,csharp,30,151,119,146,47,815,23,49,350,48,580,194,1150,17
MirrorNetworking__Mirror,,csharp,149,818,1212,1632,611,7339,82,741,5098,2428,3909,1234,11098,622
ModernFlyouts-Community__ModernFlyouts,,csharp,31,113,143,192,19,1297,23,42,535,101,906,73,1668,57
MonoGame__MonoGame,,csharp,122,1327,1362,1647,296,11736,611,2154,7966,5747,10150,4075,15852,513
MudBlazor__MudBlazor,,csharp,190,797,957,1222,345,17013,211,1240,3867,258,3482,534,11661,147
MvvmCross__MvvmCross,,csharp,244,1396,3682,6075,2097,8534,460,2273,4195,459,11496,4682,17712,1017
NLog__NLog,,csharp,155,783,989,1289,607,7701,372,2540,9954,1552,8495,1815,14617,581
NickeManarin__ScreenToGif,,csharp,83,616,598,726,164,4710,76,378,3196,410,4952,354,6917,78
OdysseusYuan__LKY_OfficeTools,,csharp,4,30,62,97,0,118,0,94,161,26,106,0,305,0
Ombi-app__Ombi,,csharp,168,1027,1279,1467,366,3797,64,1202,3207,229,4864,1800,7842,17
OpenRA__OpenRA,,csharp,126,1455,2927,3224,2931,21436,1100,3825,14797,16786,18332,14398,25104,2709
OptiKey__OptiKey,,csharp,111,563,604,719,309,3110,26,448,1197,552,1840,596,3969,80
Orbmu2k__nvidiaProfileInspector,,csharp,11,56,74,96,9,945,18,85,444,192,694,94,1036,0
OrchardCMS__OrchardCore,,csharp,1286,4582,4947,6222,1873,16725,1040,2580,9238,1736,17683,9199,29745,753
Perfare__Il2CppDumper,,csharp,8,49,117,125,12,1147,20,64,471,759,389,126,757,59
Planshit__Tai,,csharp,51,210,213,280,50,1707,42,153,872,115,1118,310,2182,5
Ponderfly__GoogleTranslateIpCheck,,csharp,1,1,3,0,0,2,0,0,0,0,0,0,8,0
PowerShell__PSReadLine,,csharp,4,87,105,147,23,2009,40,172,3066,1121,1367,373,2587,40
PowerShell__PowerShell,,csharp,130,1320,3476,4139,1603,33968,2240,6264,36157,8233,34245,10704,46004,2747
PrismLibrary__Prism,,csharp,248,1086,1050,1320,510,5102,358,2361,3529,453,3930,898,10168,161
Prowlarr__Prowlarr,,csharp,290,1499,2066,2406,818,8504,1183,2029,6961,1456,8441,4239,16031,227
QL-Win__QuickLook,,csharp,31,91,103,135,6,677,8,41,282,63,610,48,1085,11
QianMo__Unity-Design-Pattern,,csharp,83,120,484,361,206,1333,66,281,500,157,537,316,2858,191
QuantConnect__Lean,,csharp,232,3768,4497,5342,3335,27262,2181,11194,29603,7453,25318,11713,44296,2737
QuestPDF__QuestPDF,,csharp,25,332,442,516,147,2044,433,616,2392,720,1573,972,3875,104
Radarr__Radarr,,csharp,454,2398,3013,3581,1153,13375,1212,3061,12358,330,11575,6227,25056,321
RayWangQvQ__BiliBiliToolPro,,csharp,41,206,232,271,63,698,8,76,367,42,519,253,1297,9
Redth__PushSharp,,csharp,17,70,107,118,24,353,5,101,140,1,241,80,575,0
RicoSuter__NSwag,,csharp,91,410,589,855,122,1602,54,911,969,64,1479,409,3640,21
Sanakan8472__copy-dialog-lunar-lander,,csharp,6,11,23,31,4,208,0,9,90,44,168,13,260,8
SciSharp__TensorFlow.NET,,csharp,152,1177,1495,1753,520,17957,4294,3134,18020,5367,24039,10805,26481,261
Scighost__Starward,,csharp,33,249,316,399,62,1876,21,128,1125,73,1714,285,2862,103
ScottPlot__ScottPlot,,csharp,168,1425,1871,2236,1349,7318,703,1321,7687,1836,8129,2004,14820,296
SebLague__Digital-Logic-Sim,,csharp,30,114,124,139,16,1315,44,44,846,321,600,343,1717,30
SebLague__Geographical-Adventures,,csharp,105,369,437,400,131,3571,142,275,2260,1741,2615,901,4294,90
ShareX__ShareX,,csharp,67,688,978,1073,349,7777,362,868,6065,1727,8530,1138,13132,449
Siccity__xNode,,csharp,6,30,43,59,1,404,23,11,319,169,337,90,586,0
SignalR__SignalR,,csharp,118,647,781,1059,309,4053,120,1557,3631,340,3805,856,7446,222
SixLabors__ImageSharp,,csharp,205,1946,2110,2721,502,18385,1739,3001,17127,9406,22300,6122,28974,441
Sonarr__Sonarr,,csharp,451,2519,3113,3663,1202,14282,1234,3443,13756,377,12253,6399,26779,385
Sophia-Community__SophiApp,,csharp,14,152,180,193,35,1923,8,74,917,13,974,30,2159,21
Stability-AI__StableSwarmUI,,csharp,15,69,152,243,21,1364,28,31,1095,1262,912,248,1372,39
StackExchange__StackExchange.Redis,,csharp,17,318,512,718,233,6440,602,560,9886,1685,10405,4151,11291,362
StephenCleary__AsyncEx,,csharp,12,59,83,108,1,664,1,212,519,10,350,64,1260,1
StockSharp__StockSharp,,csharp,176,940,1282,1585,704,9154,837,1473,4477,767,8887,4352,14031,1054
TGSAN__CMWTAT_Digital_Edition,,csharp,3,8,12,17,0,189,0,2,62,12,71,4,131,0
TechnitiumSoftware__DnsServer,,csharp,38,151,190,238,113,2576,69,463,2279,385,2647,408,3271,119
TheAlgorithms__C-Sharp,,csharp,113,469,481,616,56,1998,26,720,1854,35,1744,99,4534,1
ThreeMammals__Ocelot,,csharp,159,721,794,1002,347,5483,308,1941,5696,72,3428,1236,8847,17
Tichau__FileConverter,,csharp,13,98,124,141,22,618,6,34,360,333,523,75,958,36
Tyrrrz__CliWrap,,csharp,16,75,83,104,10,332,84,31,360,5,276,44,734,3
Tyrrrz__DiscordChatExporter,,csharp,37,185,175,217,53,585,52,80,492,1,539,152,1218,52
Tyrrrz__YoutubeDownloader,,csharp,17,64,66,87,7,243,12,22,115,0,201,39,456,5
Uahh__ToastFish,,csharp,10,18,26,36,3,192,3,49,130,91,138,30,276,0
UnigramDev__Unigram,,csharp,100,1039,1913,1994,835,21180,183,2531,15687,2110,19259,3431,31807,403
Unity-Technologies__EntityComponentSystemSamples,,csharp,218,734,1812,1752,52,5533,17,557,828,1544,2657,623,7332,28
Unity-Technologies__FPSSample,,csharp,165,595,1114,603,282,7844,250,705,3875,2681,4636,2083,9153,272
Unity-Technologies__ml-agents,,csharp,64,331,458,510,153,3707,152,581,1646,824,1415,655,4656,174
UnityCommunity__UnityLibrary,,csharp,55,114,124,111,0,992,45,35,184,211,411,48,1136,0
UnityTechnologies__open-project-1,,csharp,70,311,402,88,140,2410,51,61,768,337,738,681,3195,188
VeriorPies__ParrelSync,,csharp,4,14,17,20,0,102,4,4,68,50,51,7,151,0
VsVim__VsVim,,csharp,63,503,1204,1971,724,9955,62,263,7795,249,4408,492,18394,210
XCharts-Team__XCharts,,csharp,66,377,435,447,268,4167,123,79,4641,1792,4431,1050,5684,303
XINCGer__Unity3DTraining,,csharp,258,1113,1371,803,300,14456,380,758,17032,2862,10347,1879,21494,385
Xabaril__AspNetCore.Diagnostics.HealthChecks,,csharp,274,523,563,858,22,2149,116,361,557,174,2237,304,4091,7
XuanchenLin__NanUI,,csharp,51,587,482,503,136,3292,380,531,1747,324,5028,1997,5998,374
aalhour__C-Sharp-Algorithms,,csharp,17,157,190,224,0,1379,11,279,1285,34,1233,87,2699,0
abpframework__abp,,csharp,1852,6756,7199,8974,4094,20602,691,3294,15335,1900,23640,6552,44564,1145
actions__runner,,csharp,78,656,1195,1405,611,7233,332,1649,5786,1177,8449,1832,10496,177
akkadotnet__akka.net,,csharp,408,2131,6918,10047,4535,33687,3006,10216,42441,5043,25138,11364,57050,2606
anjoy8__Blog.Core,,csharp,104,485,541,649,81,2251,30,282,1332,181,2585,406,4350,2
ant-design-blazor__ant-design-blazor,,csharp,172,597,657,800,214,4146,72,212,2344,356,2727,497,6504,237
aspnetboilerplate__aspnetboilerplate,,csharp,638,2602,2881,3708,1506,10550,465,1666,8092,818,11048,3159,21679,359
autofac__Autofac,,csharp,95,575,1141,1829,371,3085,178,1801,2616,169,2381,1047,6790,120
babalae__better-genshin-impact,,csharp,159,648,764,905,121,4748,322,318,2491,549,3953,902,7038,54
bchavez__Bogus,,csharp,37,205,315,405,146,1663,60,417,1327,339,971,158,3078,12
beto-rodriguez__LiveCharts2,,csharp,1219,1709,1688,3096,127,5436,205,1833,2274,155,3206,1017,8433,199
bflattened__bflat,,csharp,14,61,89,87,55,229,27,19,74,74,172,151,324,2
bitwarden__mobile,,csharp,100,862,919,1058,366,6455,65,1133,5840,526,5237,1880,9789,66
bitwarden__server,,csharp,506,2089,2497,3250,774,10944,246,3328,11791,811,16766,6907,20687,93
borisdj__EFCore.BulkExtensions,,csharp,16,73,170,198,23,593,22,317,577,23,1188,179,1304,25
brandonlw__Psychson,,csharp,6,9,7,9,0,82,0,5,68,12,54,2,105,0
btcpayserver__btcpayserver,,csharp,173,1111,1453,1826,304,5927,312,1636,6819,1474,7447,2934,10663,268
builtbybel__Winpilot,,csharp,14,53,54,55,37,377,0,60,254,16,175,109,619,127
builtbybel__privatezilla,,csharp,13,71,70,81,61,502,0,64,98,0,58,1,857,305
cake-build__cake,,csharp,474,1640,2822,4473,435,10208,856,7234,9976,95,9345,4146,23442,60
canton7__SyncTrayzor,,csharp,30,233,352,404,86,1769,36,152,703,869,1612,535,2886,33
cefsharp__CefSharp,,csharp,88,586,1295,1427,950,4411,219,463,2069,317,6709,2137,8971,362
chocolatey__choco,,csharp,80,373,945,1574,671,6563,137,548,4418,599,3654,1559,12371,915
cobbr__Covenant,,csharp,19,152,295,332,99,2508,187,267,1297,131,3930,1221,5078,25
codebude__QRCoder,,csharp,21,87,101,167,32,824,19,386,503,187,798,69,1289,22
coding-horror__basic-computer-games,,csharp,139,468,492,600,76,2355,147,253,1620,101,1782,869,4231,64
commandlineparser__commandline,,csharp,16,189,300,339,41,1113,52,398,921,116,1407,133,2173,4
d2phap__ImageGlass,,csharp,97,380,469,596,54,5277,39,387,4000,563,5626,695,8140,181
danielgerlag__workflow-core,,csharp,152,578,668,873,320,2172,230,485,1335,183,2405,723,4427,136
davidfowl__AspNetCoreDiagnosticScenarios,,csharp,5,21,31,38,3,118,0,28,43,2,52,13,254,0
dbrizov__NaughtyAttributes,,csharp,13,111,170,174,64,576,2,7,254,11,360,58,633,35
devlooped__moq,,csharp,18,241,946,1649,172,3773,261,1420,4150,542,2498,360,8525,82
discord-net__Discord.Net,,csharp,213,1586,1389,1428,664,7091,932,1551,5609,696,15054,6628,13282,813
dlemstra__Magick.NET,,csharp,250,1634,1988,3277,501,7836,299,5118,8152,24,6671,1092,18417,164
dockersamples__example-voting-app,,csharp,1,1,1,1,0,5,0,0,4,0,7,0,13,0
dodyg__practical-aspnetcore,,csharp,627,692,330,204,30,700,6,36,82,25,590,46,1561,1
domaindrivendev__Swashbuckle.AspNetCore,,csharp,76,298,380,439,64,1237,37,389,1023,5,1569,300,2804,0
dorssel__usbipd-win,,csharp,6,93,117,160,14,823,13,194,681,135,564,134,1331,24
dotnet-presentations__blazor-workshop,,csharp,65,457,46,51,0,124,4,10,83,4,144,22,308,0
dotnet-state-machine__stateless,,csharp,10,81,97,143,34,760,98,392,1447,28,745,149,1480,38
dotnet__AspNetCore.Docs,,csharp,2110,5428,2585,3211,111,6744,42,500,936,105,5633,919,15255,1
dotnet__BenchmarkDotNet,,csharp,132,953,1686,2284,562,7118,588,1088,4136,1479,7667,2086,13107,186
dotnet__MQTTnet,,csharp,72,446,432,511,124,2290,330,1154,3447,189,1684,701,4352,4
dotnet__Open-XML-SDK,,csharp,107,718,826,1051,252,5406,444,1786,6087,794,4829,1676,9696,235
dotnet__aspire,,csharp,324,1112,1323,1691,349,5398,208,849,3374,848,5199,1030,10081,64
dotnet__aspnetcore,,csharp,1441,9754,14454,19618,5359,75546,5822,35687,80592,11895,67737,17656,144824,2060
dotnet__command-line-api,,csharp,46,357,448,577,138,2650,278,2109,2736,69,1747,578,5217,126
dotnet__csharplang,,csharp,1,1,3,3,0,18,5,8,2,0,29,16,37,0
dotnet__docfx,,csharp,135,748,947,1180,234,4674,367,998,3267,288,5223,1332,8474,160
dotnet__eShop,,csharp,166,520,526,698,106,1586,48,249,472,61,1328,384,3045,21
dotnet__machinelearning,,csharp,286,1821,5153,7623,1994,38462,8592,10319,41313,12510,47418,17601,57483,2110
dotnet__maui,,csharp,839,8885,10834,13047,6581,57821,2631,24233,39462,10802,50683,17499,101240,3444
dotnet__msbuild,,csharp,178,1976,2761,3471,1229,31462,1742,11582,41698,6099,26784,7803,50171,1257
dotnet__orleans,,csharp,467,2356,4726,5671,2231,22654,1082,2397,14798,6001,19520,7285,39420,587
dotnet__reactive,,csharp,319,1381,2021,2862,509,24651,418,5198,28512,1084,28638,2898,43483,159
dotnet__samples,,csharp,1324,2851,2676,3166,662,12614,264,1218,4550,3271,12284,1160,21830,123
dotnet__winforms,,csharp,279,3960,4398,6259,1668,56959,2746,5924,51563,3361,54500,13420,99218,3715
dotnetcore__CAP,,csharp,68,327,389,489,144,1796,87,278,633,117,1723,424,3084,31
dotnetcore__FreeSql,,csharp,310,1229,4324,6885,295,18385,838,5657,39571,1394,17226,3193,39120,948
dotnetcore__Util,,csharp,805,2708,2325,3011,1198,17606,2486,3919,19326,6075,9182,2097,32010,963
dotnetcore__WTM,,csharp,152,923,876,1012,412,3293,129,837,2683,86,3007,827,6642,220
duplicati__duplicati,,csharp,39,186,247,335,106,1376,32,128,967,364,1379,214,2226,10
dvf__blockchain,,csharp,4,8,6,7,0,20,1,5,18,0,17,2,43,0
elastic__elasticsearch-net,,csharp,161,594,816,1039,193,3300,519,662,1729,112,3437,998,6574,88
elsa-workflows__elsa-core,,csharp,921,2678,2696,3676,937,8191,735,1607,4442,342,10771,4237,17837,474
elvirbrk__NoteHighlight2016,,csharp,8,16,17,19,3,99,0,22,48,7,127,11,204,0
fanliang11__surging,,csharp,309,1278,1471,1863,533,8473,598,1057,4182,801,8092,2824,13989,308
felixse__FluentTerminal,,csharp,49,305,266,316,63,1734,57,304,840,88,1430,486,2763,30
files-community__Files,,csharp,152,899,1006,1183,502,6296,131,818,3750,467,6227,1027,10494,608
fluentassertions__fluentassertions,,csharp,55,722,1519,2372,223,7770,243,2243,12519,160,4818,582,17141,31
fluentmigrator__fluentmigrator,,csharp,256,1142,1272,1564,923,8722,719,2508,9109,523,4696,1755,17637,2831
focus-creative-games__luban,,csharp,110,439,449,567,166,3161,266,272,1987,140,5904,2416,6542,459
fullstackhero__blazor-starter-kit,,csharp,149,338,398,618,84,1409,19,108,441,221,930,243,2310,0
fullstackhero__dotnet-starter-kit,,csharp,89,304,368,476,91,988,7,129,231,162,1219,263,1986,1
gerardog__gsudo,,csharp,16,82,108,141,24,665,32,95,537,204,554,108,991,8
gibbed__SteamAchievementManager,,csharp,8,56,50,60,7,378,7,16,153,251,190,20,361,0
git-ecosystem__git-credential-manager,,csharp,57,354,519,646,183,3078,77,1516,2755,836,2929,598,5087,140
glzr-io__glazewm,,csharp,52,316,318,373,127,956,126,254,574,122,922,609,1565,2
greenshot__greenshot,,csharp,78,450,477,560,223,3523,155,418,2604,286,3609,741,5578,196
grpc__grpc-dotnet,,csharp,213,806,873,1148,183,4681,182,1434,4944,757,3973,776,8176,125
gui-cs__Terminal.Gui,,csharp,26,226,483,674,228,5636,203,3537,8335,1861,3380,1349,8693,494
hanmin0822__MisakaTranslator,,csharp,24,107,155,180,24,991,5,124,432,310,928,57,1477,18
hardkoded__puppeteer-sharp,,csharp,92,694,679,797,279,3105,40,962,3702,683,1995,883,6191,145
hbons__SparkleShare,,csharp,10,70,82,101,10,791,5,89,438,489,479,73,1024,26
hellzerg__optimizer,,csharp,6,65,88,94,2,1198,38,73,1061,455,961,57,1824,5
huiyadanli__RevokeMsgPatcher,,csharp,11,39,39,49,5,207,12,50,140,9,174,20,389,20
icsharpcode__ILSpy,,csharp,112,1255,2436,3022,1180,18376,1756,3535,17102,6152,18732,10648,31030,2579
icsharpcode__SharpZipLib,,csharp,50,152,209,243,54,2449,55,771,2052,367,1893,229,3326,27
immense__Remotely,,csharp,69,339,369,446,82,1723,17,106,964,17,1813,359,3204,15
indiff__qttabbar,,csharp,44,455,701,872,184,8084,104,598,3911,1732,7181,1341,9838,149
inkle__ink,,csharp,9,102,124,147,59,1465,211,382,1826,356,826,393,2250,74
intel__acat,,csharp,125,605,649,784,237,7835,265,625,6744,1223,5604,1212,11007,262
ivanpaulovich__clean-architecture-manga,,csharp,55,180,179,236,48,572,24,133,202,308,519,326,1135,25
jamesmh__coravel,,csharp,83,213,240,342,58,847,125,421,669,434,621,129,1747,0
jasontaylordev__CleanArchitecture,,csharp,54,115,123,197,26,321,5,72,103,4,239,82,683,4
jbogard__MediatR,,csharp,25,112,330,510,55,680,32,203,157,3,812,283,1573,8
jellyfin__jellyfin,,csharp,358,1629,1557,1954,604,8030,333,1601,5850,436,12646,4420,14291,318
jstedfast__MailKit,,csharp,26,390,422,483,138,5200,304,2827,7981,1006,8306,1884,9286,324
jynew__jynew,,csharp,559,3236,4384,4917,1551,45219,1336,2956,31284,15987,29054,6582,56443,3074
keenanwoodall__Deform,,csharp,31,163,314,482,126,1906,2,134,614,678,625,209,1744,174
keijiro__AICommand,,csharp,1,4,10,11,0,31,0,3,7,5,5,1,44,0
keijiro__Skinner,,csharp,20,113,195,270,36,1406,7,48,392,676,507,126,1295,90
kerryjiang__SuperSocket,,csharp,42,269,347,423,139,1324,118,198,899,15,1410,343,2653,122
kgrzybek__modular-monolith-with-ddd,,csharp,381,1062,1139,1621,426,3018,74,890,1622,247,2739,1560,5753,7
khellang__Scrutor,,csharp,2,41,117,146,62,427,193,25,240,5,388,38,968,12
kwsch__PKHeX,,csharp,207,1720,1863,1909,1466,19681,973,1145,14904,3400,19926,5777,27338,993
laochiangx__Common.Utility,,csharp,165,372,231,246,4,2420,27,63,935,170,2997,60,3799,0
leiurayer__downkyi,,csharp,71,397,479,551,215,3377,120,408,2139,575,1500,407,4219,67
lepoco__wpfui,,csharp,164,516,456,559,49,2193,21,77,740,186,1871,229,3368,24
liangxiegame__QFramework,,csharp,417,1578,1546,1738,629,11301,1039,1065,6656,3769,9151,2783,16961,517
libgit2__libgit2sharp,,csharp,10,395,466,511,173,4238,402,1749,5062,748,4579,1618,7019,82
lostindark__DriverStoreExplorer,,csharp,6,32,45,63,5,463,3,24,149,54,440,185,461,0
louthy__language-ext,,csharp,269,1229,2468,2783,168,15616,2279,1438,15079,2587,20148,2567,31607,226
lucasg__Dependencies,,csharp,20,119,159,173,39,1205,36,124,428,184,1168,243,1547,7
mRemoteNG__mRemoteNG,,csharp,123,590,1804,2047,116,7099,138,2267,7416,180,8434,1271,13092,55
marian42__wavefunctioncollapse,,csharp,7,43,50,7,5,427,15,26,201,574,176,87,496,8
marticliment__WingetUI,,csharp,51,142,179,252,40,1315,26,161,1153,490,1025,393,2005,139
mathnet__mathnet-numerics,,csharp,132,971,957,1121,339,13558,1114,4053,17356,2950,20510,1242,25925,609
mayuki__Cocona,,csharp,83,297,560,863,186,1744,156,1092,1397,23,1528,466,3986,30
mbdavid__LiteDB,,csharp,67,389,414,524,84,2793,468,866,2955,478,2610,1184,4850,34
mcintyre321__OneOf,,csharp,8,88,133,153,65,4294,1074,573,222,1128,6597,77,5930,0
mgth__LittleBigMouse,,csharp,37,201,254,315,81,1261,88,100,314,61,1005,249,1752,18
microsoft__ApplicationInspector,,csharp,16,84,106,124,22,610,21,167,476,2,404,115,852,8
microsoft__FASTER,,csharp,69,465,795,951,93,7048,402,1698,8075,4462,11540,3372,10810,106
microsoft__MixedRealityToolkit-Unity,,csharp,324,1477,1648,1907,828,16439,221,757,8073,2178,8508,2779,18005,936
microsoft__Power-Fx,,csharp,147,1189,1688,2088,1004,11372,1373,5435,14112,3997,13162,6874,18853,1320
microsoft__PowerToys,,csharp,350,1493,1634,2173,525,10219,262,1527,6101,1151,7720,1458,15308,25
microsoft__RulesEngine,,csharp,17,72,81,99,10,304,10,261,320,10,277,63,634,7
microsoft__WPF-Samples,,csharp,532,1315,1101,1153,38,5142,61,443,1724,467,5116,339,8102,56
microsoft__WinAppDriver,,csharp,37,193,204,212,56,1450,4,36,532,311,791,55,2558,3
microsoft__ailab,,csharp,112,438,536,703,73,3163,33,214,1386,1033,2393,306,4543,7
microsoft__devhome,,csharp,197,980,1032,1271,327,6202,176,650,3104,625,3991,976,8854,165
microsoft__fluentui-blazor,,csharp,220,650,24803,49270,24428,26520,61,260,755,20,1548,211,52695,8
microsoft__garnet,,csharp,101,811,1064,1258,220,12128,486,2085,15725,6954,17579,4936,18734,274
microsoft__perfview,,csharp,83,404,2250,2544,1451,19246,1611,3316,12788,4697,22514,2671,28923,5051
microsoft__reverse-proxy,,csharp,100,582,657,854,202,3091,183,1440,2259,226,3508,759,5705,79
migueldeicaza__TensorFlowSharp,,csharp,17,44,94,112,20,1030,128,353,1189,227,1443,243,1666,49
mob-sakai__ParticleEffectForUGUI,,csharp,3,14,20,24,0,227,3,2,56,14,128,13,293,0
mob-sakai__UIEffect,,csharp,5,34,33,33,12,348,1,7,118,15,165,23,333,44
mono__SkiaSharp,,csharp,168,567,635,786,343,8342,1066,1707,6403,1568,11014,3036,13565,311
morelinq__MoreLINQ,,csharp,8,255,247,318,8,1796,10,204,1010,197,1993,15,3788,1
mpvnet-player__mpv.net,,csharp,29,112,163,226,16,1310,14,54,732,180,1244,104,1887,6
mxgmn__MarkovJunior,,csharp,1,26,36,1,14,341,7,22,164,340,422,53,362,34
mxgmn__WaveFunctionCollapse,,csharp,1,5,6,0,2,54,0,2,16,5,45,0,51,2
naudio__NAudio,,csharp,81,671,701,806,231,5576,163,1058,2224,726,4020,1011,7118,85
neo-project__neo,,csharp,110,752,748,911,214,6263,908,2011,7960,2572,5322,2940,10950,414
netchx__netch,,csharp,32,126,150,168,46,669,26,119,530,161,607,102,1219,13
nilaoda__BBDown,,csharp,5,34,61,79,8,396,2,39,264,156,401,46,520,0
nilaoda__N_m3u8DL-CLI,,csharp,2,23,26,30,0,277,0,10,181,84,230,2,321,0
nilaoda__N_m3u8DL-RE,,csharp,27,89,92,120,12,603,24,106,555,83,557,86,912,14
nissl-lab__npoi,,csharp,230,2850,4443,5057,1756,43230,4904,9037,42511,10980,24686,11375,56608,1718
nopSolutions__nopCommerce,,csharp,516,2963,3293,4022,1882,15191,130,2813,19473,1297,17217,11859,24320,109
npgsql__npgsql,,csharp,57,462,749,974,328,6658,647,1777,8583,526,6484,1986,11151,258
openhardwaremonitor__openhardwaremonitor,,csharp,42,408,530,629,218,4446,216,576,2378,1203,3863,1695,5532,342
openiddict__openiddict-core,,csharp,92,556,1797,3196,157,6572,456,640,2942,628,6228,726,13418,12
opentk__opentk,,csharp,102,357,265,336,53,5388,982,400,2485,4385,8872,3948,8520,12
opserver__Opserver,,csharp,37,285,648,936,247,2199,71,213,743,200,1759,508,2937,87
oskardudycz__EventSourcing.NetCore,,csharp,707,1286,1834,2690,365,3688,596,1366,1718,165,4505,1116,9180,27
oxyplot__oxyplot,,csharp,120,586,597,680,206,4047,1085,3042,4259,1736,4114,1369,7591,403
pardeike__Harmony,,csharp,22,128,723,1055,288,2155,194,420,1569,571,1640,166,3984,5
peass-ng__PEASS-ng,,csharp,145,1146,997,1370,242,11917,810,1077,11128,8612,14292,4226,15255,297
picoe__Eto,,csharp,139,1450,2660,3473,949,16923,536,2356,8257,1159,16554,2249,29898,299
playgameservices__play-games-plugin-for-unity,,csharp,12,64,36,49,3,359,10,18,206,80,187,33,395,0
pojala__electrino,,csharp,6,48,33,36,14,347,74,18,274,16,523,258,620,2
ppy__osu,,csharp,489,4166,5551,7460,3455,32125,1585,12040,18003,5898,15821,8061,50138,2757
praeclarum__sqlite-net,,csharp,4,49,188,290,26,862,58,374,1300,26,753,93,1783,0
projectkudu__kudu,,csharp,132,659,901,1134,345,5100,216,948,4793,802,5316,1424,8715,106
protobuf-net__protobuf-net,,csharp,185,788,2777,4532,496,8170,506,1303,8434,1059,8015,2553,16156,492
proxysu__ProxySU,,csharp,20,108,100,118,7,395,0,46,344,14,201,72,705,0
pythonnet__pythonnet,,csharp,17,221,432,497,142,2944,428,520,3183,454,2607,1238,5173,53
quartznet__quartznet,,csharp,108,561,754,985,343,5931,470,1285,6150,867,6090,1834,10403,262
radzenhq__radzen-blazor,,csharp,15,331,439,472,156,2397,40,212,1378,72,1528,237,4552,222
rafaelfgx__Architecture,,csharp,26,75,72,78,7,136,1,2,1,0,104,20,294,0
randyrants__sharpkeys,,csharp,1,4,3,3,0,110,0,5,24,51,74,0,120,0
reactiveui__ReactiveUI,,csharp,121,569,559,629,272,2506,43,890,895,98,2662,102,4582,59
reactiveui__refit,,csharp,18,96,263,307,45,1027,15,519,479,15,916,108,2299,4
restsharp__RestSharp,,csharp,41,223,324,404,52,1273,126,834,775,127,1187,434,2585,16
rocksdanister__lively,,csharp,76,302,385,515,75,2551,52,224,1191,318,2154,568,3734,0
sebastienros__jint,,csharp,68,556,831,1150,356,6323,1280,1962,7651,2066,5965,3699,10635,673
seerge__g-helper,,csharp,21,95,206,263,59,2762,18,96,2336,537,1741,172,3843,442
serilog__serilog,,csharp,46,204,231,307,77,1645,144,567,1472,77,2118,347,3091,8
shadowsocks__shadowsocks-windows,,csharp,48,175,206,256,49,905,17,86,306,116,697,86,1304,51
shadowsocksr-backup__shadowsocksr-csharp,,csharp,21,127,210,257,53,2355,102,208,1632,926,2255,368,3078,105
shimat__opencvsharp,,csharp,120,672,579,766,412,8291,1304,1651,9340,1363,15430,3848,15149,412
simplcommerce__SimplCommerce,,csharp,262,807,808,1146,216,2118,47,500,1334,44,2196,903,4128,0
skoruba__IdentityServer4.Admin,,csharp,228,859,856,1136,101,2700,222,490,2075,156,2759,507,5731,12
srwi__EverythingToolbar,,csharp,10,46,123,157,15,901,8,35,363,170,892,78,1288,3
sschmid__Entitas,,csharp,51,357,428,286,201,1949,128,311,1540,505,1105,470,3418,5
sshnet__SSH.NET,,csharp,82,1108,1095,1224,670,12914,631,2633,9248,1239,6045,2067,18173,1476
sta__websocket-sharp,,csharp,7,87,65,68,11,1202,52,107,748,91,1126,187,1606,13
stride3d__stride,,csharp,901,6792,7523,9271,3305,49400,3819,11594,36323,20053,43408,23806,71880,4301
subhra74__xdm,,csharp,92,345,390,479,92,3431,144,387,2314,851,2841,441,4885,38
t1m0thyj__WinDynamicDesktop,,csharp,4,51,91,98,15,596,16,53,402,200,468,70,868,12
tModLoader__tModLoader,,csharp,174,1292,1683,1914,1026,13840,410,744,7091,2467,12251,4605,20297,2516
testcontainers__testcontainers-dotnet,,csharp,130,512,552,770,269,2809,411,795,2086,238,2133,846,4767,58
thangchung__awesome-dotnet-core,,csharp,1,1,1,1,0,1,0,0,0,0,1,0,5,0
thangchung__clean-code-dotnet,,csharp,1,1,1,1,0,1,0,0,0,0,1,0,5,0
the1812__Malware-Patch,,csharp,9,30,29,39,1,126,0,18,43,12,59,10,184,0
thebookisclosed__ViVe,,csharp,4,14,18,24,0,130,2,10,124,76,122,7,213,0
timschneeb__GalaxyBudsClient,,csharp,89,678,867,1115,283,5776,308,659,2916,924,5393,1237,8650,390
tmenier__Flurl,,csharp,11,81,130,154,43,1100,306,446,962,0,1458,232,2226,23
tooll3__t3,,csharp,258,1450,2335,3877,313,19963,1188,1271,7630,3429,12988,3501,20312,308
ullmark__hashids.net,,csharp,3,10,9,12,1,131,0,27,114,4,69,3,233,0
umbraco__Umbraco-CMS,,csharp,766,5619,6059,7433,3130,28580,2570,5981,27511,4095,34118,14017,51248,718
unoplatform__uno,,csharp,1590,14687,11190,13688,5495,52559,3057,12060,48436,3571,41970,17310,90340,2535
wave-harmonic__crest,,csharp,24,138,186,236,101,1999,5,47,752,360,886,169,1804,74
win-acme__ win-acme,,csharp,115,468,583,685,209,2507,95,620,2282,96,2664,1687,4026,35
winsw__winsw,,csharp,13,74,116,154,17,637,29,60,343,314,639,49,886,14
xM4ddy__OFGB,,csharp,1,3,2,2,0,10,0,0,7,0,14,0,21,0
xceedsoftware__wpftoolkit,,csharp,138,592,725,883,281,6706,184,352,3048,536,5984,861,9438,178
xoofx__markdig,,csharp,56,410,528,675,162,3324,108,609,3605,345,1784,932,6913,62
xunit__xunit,,csharp,134,726,2124,2209,576,7275,340,1409,5788,903,5528,1551,15354,261
zalo__MathUtilities,,csharp,73,119,174,44,7,1393,46,109,269,150,730,115,1394,10
