repo,subrepo,lang,includes,contains,declares,encloses,specializes,encapsulates,returns,instantiates,invokes,uses,parameterizes,typed,composes,implements,measures,overrides
0xZ0F__Z0FCourse_ReverseEngineering,,cpp,0,13,61,0,0,39,0,0,0,26,0,1,4,2,59,0
360Controller__360Controller,,cpp,34,58,1900,15,5,1611,0,4,79,499,0,55,4,79,1634,1
AGWA__git-crypt,,cpp,37,27,1271,17,0,923,0,10,102,401,0,26,4,49,1075,0
AaronFeng753__Waifu2x-Extension-GUI,,cpp,33,39,6448,2,0,5940,0,0,362,2891,0,0,4,5,5936,0
Aircoookie__WLED,,cpp,155,259,11944,493,51,9429,156,88,2178,8122,501,516,4,434,11011,30
Alex313031__thorium,,cpp,55,272,7525,1800,5,5037,31,20,311,1683,5,113,4,150,6870,16
Alinshans__MyTinySTL,,cpp,43,51,10276,1139,114,8646,212,81,572,6307,1262,242,4,672,9450,81
Arduino-IRremote__Arduino-IRremote,,cpp,8,95,1041,0,0,915,0,0,75,154,0,12,4,14,766,0
AutoHotkey__AutoHotkey,,cpp,314,150,23040,107,23,19351,317,113,1996,15586,39,1248,4,487,20926,6
BlueMatthew__WechatExporter,,cpp,92,79,4477,16,8,3934,2,29,155,1254,14,72,4,95,3962,13
Const-me__Whisper,,cpp,572,309,8961,527,24,7256,52,23,853,5358,34,325,4,359,8216,7
DarthTon__Blackbone,,cpp,378,261,16117,1067,50,13577,63,14,252,1924,320,763,4,1282,14161,52
DayBreak-u__chineseocr_lite,,cpp,135,174,9070,153,2,3416,30,31,266,2515,14,192,4,90,3576,0
FastLED__FastLED,,cpp,67,160,4092,30,11,3584,41,80,501,2881,133,221,4,124,3848,6
HKUST-Aerial-Robotics__VINS-Mono,,cpp,139,143,8621,213,21,7125,17,39,278,3798,145,130,4,180,7468,42
HackerPoet__NonEuclidean,,cpp,87,54,1189,2,16,966,55,72,206,882,6,90,4,43,1110,15
LANDrop__LANDrop,,cpp,36,29,438,9,2,356,0,0,8,79,0,8,4,22,388,2
LordNoteworthy__al-khaser,,cpp,147,158,2160,15,0,1350,0,0,110,507,1,63,4,86,1767,0
MatsuriDayo__nekoray,,cpp,228,160,4466,241,27,3412,89,37,189,1556,13,272,4,167,3794,34
MicroCBer__BetterNCM,,cpp,35,26,933,47,4,618,8,6,18,217,19,19,4,51,0,0
N64Recomp__N64Recomp,,cpp,4,11,683,17,0,531,2,5,11,344,5,15,4,19,677,0
Neargye__magic_enum,,cpp,39,33,6933,1359,82,5328,166,48,197,2143,780,381,4,532,6003,169
Nevcairiel__LAVFilters,,cpp,515,662,17661,111,53,14253,80,94,304,4440,53,1053,4,1043,15394,5
Qv2ray__Qv2ray,,cpp,419,305,14717,1569,131,11724,208,166,591,3351,307,788,4,758,12842,259
R3nzTheCodeGOD__R3nzSkin,,cpp,65,68,20622,1548,20,17168,173,308,2745,16654,377,989,4,772,18523,6
RedisInsight__RedisDesktopManager,,cpp,295,189,5394,142,35,4198,12,15,117,894,27,82,4,127,4515,82
ShiqiYu__libfacedetection,,cpp,7,25,641,0,0,468,2,0,7,362,6,12,4,8,620,0
Slackadays__Clipboard,,cpp,147,123,2772,63,3,1920,26,63,385,1252,56,120,4,136,2362,1
Squirrel__Squirrel,,cpp,41,55,1234,169,1,998,2,2,17,190,36,65,4,118,1146,0
TarsCloud__Tars,,cpp,6,11,263,14,2,235,0,1,2,52,0,2,4,17,249,0
Tatsu-syo__noMeiryoUI,,cpp,54,47,1086,6,6,801,0,7,90,409,0,4,4,17,0,4
Tencent__libco,,cpp,25,22,1093,2,4,738,0,6,203,730,11,14,4,80,1000,2
Tencent__rapidjson,,cpp,224,125,12293,1084,48,10668,110,59,1215,7382,1201,606,4,1032,10874,17
TheAssassin__AppImageLauncher,,cpp,69,56,942,33,6,657,1,1,63,259,5,8,4,38,819,0
TigerVNC__tigervnc,,cpp,1229,497,18908,524,195,14724,40,626,3588,11445,47,904,4,497,16132,418
TranslucentTB__TranslucentTB,,cpp,427,211,5206,235,15,4129,48,20,165,771,101,155,4,177,4396,1
ValveSoftware__openvr,,cpp,271,230,42940,3111,31,26642,803,89,2218,10743,38,2601,4,4864,29552,87
WebAssembly__wabt,,cpp,363,172,23147,899,94,21612,2215,1617,4472,15679,352,2726,4,712,23101,1607
WiseLibs__better-sqlite3,,cpp,4,10,28343,66,3,21659,1,3,8809,29818,4,661,4,602,0,6
acaudwell__Gource,,cpp,97,68,5663,12,48,4789,24,85,855,2483,0,153,4,122,4609,178
albertlauncher__albert,,cpp,206,126,1977,121,3,1383,3,2,44,390,0,57,4,101,1573,3
alibaba__AndFix,,cpp,20,20,592,13,4,348,0,0,3,142,0,14,4,45,408,0
amhndu__SimpleNES,,cpp,69,43,1187,88,8,931,7,1,70,328,0,37,4,50,1022,6
android__ndk-samples,,cpp,308,562,14817,1923,23,14024,680,182,909,7417,3358,1021,4,1172,16760,74
ange-yaghi__engine-sim,,cpp,402,207,7394,326,97,6006,53,50,900,4093,20,315,4,295,6255,302
applenob__Cpp_Primer_Practice,,cpp,50,83,858,3,8,626,16,23,63,301,4,34,4,27,752,11
aristocratos__btop,,cpp,61,48,7946,1435,21,5801,94,42,476,4100,944,333,4,472,6999,7
asmuth__clip,,cpp,464,202,7342,773,3,5512,395,340,680,3095,63,605,4,160,6384,4
async-profiler__async-profiler,,cpp,237,113,5994,10,37,4905,40,102,1443,4280,1,236,4,213,5396,58
barry-ran__QtScrcpy,,cpp,33,41,1046,3,3,791,1,0,58,229,0,7,4,26,845,6
changkun__modern-cpp-tutorial,,cpp,9,77,602,31,2,397,2,5,23,215,44,13,4,29,589,1
cmderdev__cmder,,cpp,1,5,134,0,0,120,1,0,0,42,0,2,4,4,134,0
cp-algorithms__cp-algorithms,,cpp,7,66,658,35,0,425,0,0,51,273,0,0,4,13,590,0
cvxpy__cvxpy,,cpp,29,381,35503,5526,296,27507,584,119,866,14089,3836,1143,4,5170,31456,1
diasurgical__devilution,,cpp,229,208,24525,1,0,18020,0,0,3209,23031,3,313,4,442,20713,0
doctest__doctest,,cpp,70,82,5875,493,34,3854,62,344,1028,3398,292,650,4,234,4834,93
draios__sysdig,,cpp,67,44,3819,27,12,3252,21,14,209,1842,0,166,4,139,3314,10
duilib__duilib,,cpp,183,183,12017,380,89,9988,60,73,743,3822,29,378,4,347,0,377
dusty-nv__jetson-inference,,cpp,141,151,7313,58,15,6550,22,32,293,2975,43,316,4,98,6930,2
emcrisostomo__fswatch,,cpp,92,68,1453,71,3,1001,4,0,135,490,0,55,4,51,1165,3
epezent__implot,,cpp,7,8,6173,465,16,5343,36,85,796,4610,153,183,4,152,5864,0
espressif__arduino-esp32,,cpp,375,1029,16184,68,57,12730,162,236,1866,6262,18,749,4,435,12566,248
facebook__yoga,,cpp,253,187,11773,871,29,8693,378,47,1384,4402,412,847,4,591,10264,6
falcosecurity__falco,,cpp,225,150,5347,254,35,4452,47,34,176,1083,35,275,4,216,4432,71
filecxx__FileCentipede,,cpp,143,115,3570,83,6,2622,1,2,179,480,13,8,4,70,2931,0
flameshot-org__flameshot,,cpp,530,359,7826,121,43,6180,118,93,494,1950,1,427,4,234,6536,179
flashlight__wav2letter,,cpp,174,147,3560,179,13,2594,3,8,47,998,83,56,4,56,3127,25
focus-creative-games__hybridclr,,cpp,144,77,17662,1507,828,14781,61,14,946,9510,19,276,4,1252,17063,12
forhappy__Cplusplus-Concurrency-In-Practice,,cpp,0,5,5,0,0,3,0,0,0,1,0,0,4,0,6,0
gabime__spdlog,,cpp,173,157,7835,958,82,6228,79,50,567,2922,975,421,4,482,7187,126
gaoxiang12__slambook,,cpp,31,170,3421,167,0,2547,45,12,110,1366,256,55,4,110,2784,0
gaoxiang12__slambook2,,cpp,56,97,2368,28,0,1996,2,4,71,976,10,11,4,143,2101,0
ggerganov__kbd-audio,,cpp,78,41,5833,76,0,4307,5,3,355,3643,68,145,4,124,5444,0
gibsjose__cpp-cheat-sheet,,cpp,2,6,43,1,0,34,0,0,4,19,0,0,4,2,39,0
goldendict__goldendict,,cpp,724,623,18958,743,171,15619,31,259,1313,6811,13,716,4,766,16788,158
google__benchmark,,cpp,170,103,4612,500,33,3031,29,73,484,1444,73,236,4,202,3976,56
google__bloaty,,cpp,47,58,4678,332,13,3942,14,28,297,1546,83,226,4,329,4433,10
google__draco,,cpp,871,493,13153,990,109,10909,180,138,1040,5706,408,573,4,757,11436,210
google__flatbuffers,,cpp,370,248,34602,2515,85,27390,361,276,2995,14804,545,1957,4,1165,29777,300
google__flutter-desktop-embedding,,cpp,30,72,724,42,1,388,0,1,9,123,0,0,4,10,531,2
google__gemma,,cpp,54,39,15617,1595,33,12769,24,60,1088,10110,1507,438,4,492,15279,8
google__glog,,cpp,92,70,2549,483,0,1740,23,9,297,892,44,98,4,105,2328,0
google__guetzli,,cpp,66,54,3782,353,1,3275,2,17,165,2455,20,53,4,58,3554,10
google__leveldb,,cpp,380,144,9448,652,82,7747,396,352,1707,4662,12,564,4,360,7982,298
google__libphonenumber,,cpp,204,131,5750,620,20,4495,82,54,535,1888,155,156,4,293,4539,17
google__re2,,cpp,134,85,8294,1117,6,6639,75,156,1088,4294,84,381,4,291,7510,1
google__snappy,,cpp,29,19,1721,217,7,1393,6,36,105,824,14,35,4,42,1563,13
gzc__CLRS,,cpp,18,107,2131,4,0,1751,2,25,274,1473,7,73,4,48,1972,0
haoel__leetcode,,cpp,3,993,8548,7,7,7292,3,40,346,5405,10,56,4,85,8005,6
hluk__CopyQ,,cpp,876,347,27547,1021,69,22943,736,115,2398,6580,76,1488,4,787,23165,302
hoffstadt__DearPyGui,,cpp,284,124,30652,1442,182,25246,221,440,3220,18645,190,1496,4,715,27636,1211
huihut__interview,,cpp,26,72,639,2,16,468,0,13,116,514,0,25,4,58,568,25
id-Software__DOOM,,cpp,473,151,8568,1,0,5491,56,0,1567,9160,0,459,4,298,6718,0
idea4good__GuiLite,,cpp,24,29,1325,0,14,1227,5,33,351,1577,0,110,4,64,1270,43
ideawu__ssdb,,cpp,618,419,21975,1012,257,17808,438,908,3765,10905,21,1111,4,655,19899,431
interpretml__interpret,,cpp,393,131,15053,744,36,13074,45,125,1388,10360,652,190,4,381,14242,1
ipkn__crow,,cpp,32,40,2679,267,35,2102,21,41,248,1453,150,176,4,253,2510,37
jomjol__AI-on-the-edge-device,,cpp,215,140,9507,16,25,7712,34,19,616,5206,0,255,4,266,7995,68
justadudewhohacks__opencv4nodejs,,cpp,175,254,1435,79,27,1218,0,0,0,54,29,0,4,90,986,0
justcallmekoko__ESP32Marauder,,cpp,52,43,2406,8,0,1814,0,0,148,1064,4,89,4,34,2035,0
kamyu104__LeetCode-Solutions,,cpp,0,2837,38516,111,3,30945,21,73,536,17636,114,183,4,344,34879,2
kdrag0n__safetynet-fix,,cpp,2,7,195,14,1,143,0,1,14,63,3,2,4,8,193,4
keepassxreboot__keepassxc,,cpp,1840,810,32377,776,141,25794,307,398,2314,7758,63,1277,4,840,26186,230
kelektiv__node.bcrypt,,cpp,3,6,324,14,0,266,0,0,21,182,0,3,4,5,296,0
kyleneideck__BackgroundMusic,,cpp,261,195,8793,58,15,6295,16,115,337,1674,32,369,4,128,6583,26
leela-zero__leela-zero,,cpp,173,85,10049,1502,38,8089,470,314,1050,4065,351,935,4,848,8854,18
leethomason__tinyxml2,,cpp,3,6,2267,33,10,1999,54,42,684,1598,8,207,4,32,2033,91
lettier__3d-game-shaders-for-beginners,,cpp,0,4,451,0,0,328,1,0,7,244,0,34,4,2,453,0
libcpr__cpr,,cpp,170,122,3869,303,31,3040,63,34,175,591,123,114,4,185,3094,21
linyacool__WebServer,,cpp,191,146,4302,36,28,2166,3,49,208,1506,12,93,4,86,2438,0
liuruoze__EasyPR,,cpp,98,78,8138,496,5,7101,68,53,413,4058,33,218,4,204,7241,8
lltcggie__waifu2x-caffe,,cpp,72,80,4488,161,32,3900,41,32,206,1790,32,119,4,177,0,78
mandliya__algorithms_and_data_structures,,cpp,41,230,7999,588,69,6367,127,87,632,3405,232,311,4,330,7267,152
mapeditor__tiled,,cpp,2297,782,36976,1672,196,30385,237,69,1362,8009,140,831,4,1433,28531,578
me115__design_patterns,,cpp,172,176,782,0,33,442,0,45,57,118,0,4,4,63,0,43
mhammond__pywin32,,cpp,2157,980,63311,35,104,53181,31,1116,4656,15183,19,1752,4,940,57774,187
microsoft__Detours,,cpp,100,139,20084,844,80,14594,148,64,218,3523,280,534,4,524,18681,171
microsoft__GSL,,cpp,7,15,227,154,4,673,39,0,33,168,242,48,4,70,734,0
microsoft__IoT-For-Beginners,,cpp,48,206,1104,4,0,330,1,1,32,223,0,27,4,14,455,0
microsoft__LightGBM,,cpp,223,191,15704,407,65,14072,38,124,1232,9277,386,199,4,271,14874,418
microsoft__SPTAG,,cpp,336,228,10977,886,36,8932,213,54,472,5214,203,452,4,466,9958,204
microsoft__calculator,,cpp,381,244,7602,551,60,5214,119,63,1159,3076,65,328,4,214,6357,212
microsoft__wslg,,cpp,38,35,834,41,0,607,2,7,60,283,12,47,4,67,733,0
mltframework__shotcut,,cpp,914,367,20001,268,68,16677,33,33,1392,4842,10,302,4,610,15327,128
mobile-shell__mosh,,cpp,152,90,3939,144,32,3181,31,95,528,2205,6,247,4,146,3450,34
moonlight-stream__moonlight-qt,,cpp,193,142,5099,50,19,4299,8,43,340,2248,1,182,4,169,4413,135
mozilla__DeepSpeech,,cpp,579,971,31395,3834,169,24192,349,366,1957,14816,1768,1825,4,2577,27017,95
mrousavy__react-native-mmkv,,cpp,8,23,99,3,0,79,0,0,1,19,4,0,4,5,88,0
mudler__LocalAI,,cpp,2,7,3193,352,12,2746,66,5,118,1304,370,158,4,288,2962,6
nghttp2__nghttp2,,cpp,645,286,28985,2329,11,22661,123,424,5948,18892,140,1979,4,712,25947,169
ninja-build__ninja,,cpp,245,111,5556,296,40,4703,18,71,474,2177,4,312,4,226,4633,63
nodegui__nodegui,,cpp,967,678,49578,227,73,46546,175,66,406,8070,50,492,4,326,47353,70
nomic-ai__gpt4all,,cpp,101,67,6465,57,17,5375,14,8,243,1812,16,103,4,165,5381,60
ocornut__imgui,,cpp,119,114,22583,900,1,18621,121,429,5131,24279,48,1308,4,625,20576,0
official-stockfish__Stockfish,,cpp,132,64,4806,592,6,3820,86,24,531,2187,184,441,4,191,4265,5
oguzhaninan__Stacer,,cpp,159,118,2294,187,0,1660,0,2,96,429,0,30,4,108,1743,0
openalpr__openalpr,,cpp,342,256,19624,1415,83,16678,230,432,2203,11241,336,990,4,695,17967,152
patriciogonzalezvivo__glslViewer,,cpp,56,68,3969,41,5,2934,9,10,365,1996,26,114,4,117,3670,3
pbek__QOwnNotes,,cpp,931,554,46948,2102,211,39678,942,353,5562,20077,302,2873,4,1138,38822,591
peterbraden__node-opencv,,cpp,64,43,787,1,1,622,0,9,2,73,0,0,4,29,581,0
polybar__polybar,,cpp,718,283,11186,829,107,8363,41,92,1026,4260,167,424,4,506,9178,59
progschj__ThreadPool,,cpp,1,3,24,0,0,22,0,1,0,5,4,1,4,1,26,0
pybind__pybind11,,cpp,143,103,10931,997,176,7461,285,471,481,3656,876,930,4,994,10315,59
qbittorrent__qBittorrent,,cpp,1429,510,23558,1253,119,17833,753,69,1702,4128,193,2054,4,911,17069,651
qinguoyi__TinyWebServer,,cpp,22,27,769,4,0,621,6,7,164,689,2,25,4,20,697,0
raulmur__ORB_SLAM2,,cpp,269,179,12680,591,73,10957,36,59,678,5280,132,139,4,463,10669,204
recastnavigation__recastnavigation,,cpp,258,133,24244,822,138,20623,136,196,3561,18203,406,1180,4,723,21830,464
relativty__Relativty,,cpp,647,1259,26032,1021,22,18323,193,27,1114,9228,13,1025,4,998,19394,62
rizinorg__cutter,,cpp,733,343,11138,389,27,8597,70,5,516,2701,33,482,4,624,9329,50
rizsotto__Bear,,cpp,187,220,3177,362,28,2236,29,30,109,732,64,91,4,152,2587,15
s3fs-fuse__s3fs-fuse,,cpp,189,76,8142,9,0,6830,22,202,1501,4569,4,476,4,163,6890,0
sass__node-sass,,cpp,313,161,23291,3406,237,17420,180,237,1075,7979,319,1044,4,966,18376,12152
scottbez1__smartknob,,cpp,51,55,819,25,4,616,3,5,42,232,3,69,4,59,714,7
sebastianstarke__AI4Animation,,cpp,12,1282,23306,4364,197,17390,482,58,571,8780,3212,770,4,4187,20120,0
seetaface__SeetaFaceEngine,,cpp,114,98,2687,77,20,2238,6,37,145,1566,4,88,4,90,2285,38
snowie2000__mactype,,cpp,70,62,7725,324,20,6206,71,62,419,2918,325,354,4,522,6836,6
sogou__workflow,,cpp,393,276,14324,201,101,13229,2,53,1262,9086,108,329,4,544,14216,174
spotify__annoy,,cpp,6,10,1117,35,7,1041,0,0,51,560,143,8,4,31,1081,0
spotify__pedalboard,,cpp,63,81,3902,319,30,3438,9,5,144,1575,52,69,4,130,3802,62
sqlitebrowser__sqlitebrowser,,cpp,810,316,37529,1184,126,31724,496,357,4086,15818,352,1942,4,1281,31235,623
ssloy__tinyraytracer,,cpp,0,2,90,0,0,74,9,0,20,91,0,19,4,3,88,0
ssloy__tinyrenderer,,cpp,10,10,491,1,1,418,31,2,38,260,31,62,4,16,462,1
swig__swig,,cpp,237,809,23970,40,34,18188,31,63,13196,18907,5,400,4,212,20061,551
symless__synergy-core,,cpp,1595,708,29375,1617,512,23503,223,502,3185,8240,82,767,4,1361,21282,2543
szad670401__HyperLPR,,cpp,90,86,5988,841,83,4867,162,49,181,1568,282,340,4,414,5078,179
tiny-dnn__tiny-dnn,,cpp,280,423,30827,3272,195,24298,192,736,1795,13605,3337,2402,4,2070,28562,330
tjanczuk__edge,,cpp,107,89,5994,486,8,4868,99,66,445,2568,425,181,4,450,5428,42
topjohnwu__Magisk,,cpp,156,102,6803,71,72,5138,22,78,838,3156,94,271,4,272,6131,200
triton-lang__triton,,cpp,509,441,30279,2059,61,24771,801,37,341,5561,344,1871,4,1652,27519,80
trojan-gfw__trojan,,cpp,49,39,862,17,5,634,0,6,72,481,0,30,4,42,755,10
tzapu__WiFiManager,,cpp,1,9,0,0,0,0,0,0,0,0,0,0,4,0,0,0
uNetworking__uWebSockets,,cpp,5,12,754,0,0,579,0,0,18,310,65,63,4,8,754,0
upx__upx,,cpp,457,308,21909,780,111,16757,54,199,3001,13525,557,1148,4,1549,18203,659
visualfc__liteide,,cpp,1492,1090,45187,796,315,36801,309,398,4285,18802,29,2132,4,1371,38513,717
vnotex__vnote,,cpp,1734,565,26033,696,139,21366,584,44,1902,6329,50,820,4,718,19897,234
wang-xinyu__tensorrtx,,cpp,293,352,23135,333,6,16903,25,42,350,7075,38,314,4,164,0,0
wangyu-__UDPspeeder,,cpp,55,44,3878,9,4,2858,1,5,861,3324,5,143,4,127,3506,0
wangyu-__udp2raw,,cpp,73,59,4967,11,2,3527,0,6,1091,4427,5,167,4,151,4503,0
wjakob__instant-meshes,,cpp,86,49,6904,784,5,5489,416,247,1064,4311,203,754,4,236,6317,0
wjakob__nanogui,,cpp,205,106,7998,130,38,3340,18,32,260,2493,51,92,4,865,5366,115
wuye9036__CppTemplateTutorial,,cpp,3,6,464,171,4,243,0,0,3,22,101,6,4,141,370,0
wwmm__easyeffects,,cpp,674,267,10855,1756,61,7407,5,34,200,2486,69,292,4,238,9831,150
xtaci__algorithms,,cpp,169,148,3436,198,12,2987,24,36,612,2895,63,98,4,146,3275,16
yangyangwithgnu__hardseed,,cpp,50,42,1528,93,19,1215,11,10,56,476,6,36,4,54,1343,4
yedf2__handy,,cpp,77,73,2745,152,35,2215,58,51,480,1400,28,170,4,111,2438,20
yuesong-feng__30dayMakeCppServer,,cpp,423,330,3052,1,0,1236,3,33,110,587,8,12,4,32,1465,0
zaphoyd__websocketpp,,cpp,351,236,9202,1083,36,5946,7,131,674,4130,84,949,4,1509,7455,0
zeek__zeek,,cpp,109,1010,12512,1930,51,8912,22,23,183,2782,41,214,4,490,10227,68
zeromq__libzmq,,cpp,1181,475,16258,363,74,12093,17,221,3941,8121,50,733,4,411,14008,321
zeux__meshoptimizer,,cpp,48,52,9280,173,0,8006,45,23,943,7752,73,475,4,246,8960,0
zhedahht__CodingInterviewChinese2,,cpp,10,174,3285,4,1,2494,2,7,522,1691,5,13,4,24,0,1
