repo,subrepo,lang,n_project,n_folder,n_file,n_scope,n_type,n_operation,n_operation_method,n_operation_constructor,n_variable,n_variable_field,n_variable_param,e_includes,e_contains,e_requires,e_declares,e_encloses,e_specializes,e_encapsulates,e_returns,e_instantiates,e_invokes,e_uses,e_parameterizes,e_typed,methods_per_class_mean,methods_per_class_median,methods_per_class_max,methods_per_class_std,fields_per_class_mean,fields_per_class_median,fields_per_class_max,call_fanout_mean,call_fanout_median,call_fanout_max,call_fanout_std,call_fanin_mean,call_fanin_median,call_fanin_max,call_fanin_std,arity_mean,arity_median,arity_max,field_uses_fanin_mean,field_uses_fanin_max,inh_parents_mean,inh_children_mean,inh_children_max,inh_depth_max,inh_depth_mean,file_req_out_mean,file_req_out_max,file_req_in_mean,file_req_in_max,fs_depth_max,scope_depth_max,scope_to_scope_fanout_mean,scope_to_scope_fanout_p90,scope_to_scope_fanout_max,scope_to_type_fanout_mean,scope_to_type_fanout_p90,scope_to_type_fanout_max,folder_to_folder_fanout_mean,folder_to_folder_fanout_p90,folder_to_folder_fanout_max,folder_to_file_fanout_mean,folder_to_file_fanout_p90,folder_to_file_fanout_max,num_methods_mean,num_methods_median,num_methods_max,stmts_mean,stmts_median,stmts_p90,stmts_max,stmts_std,halstead_vocabulary_mean,halstead_length_mean,halstead_volume_mean,halstead_difficulty_mean,halstead_effort_mean,halstead_estimatedBugs_mean,halstead_volume_p90,halstead_effort_p90,coverage_requires,coverage_specializes,coverage_instantiates,coverage_typed,n_type_inbound,n_type_outbound,n_type_transit,n_type_hidden,pct_type_classified,pkg_pct_inbound_mean,pkg_pct_outbound_mean,pkg_pct_transit_mean,pkg_pct_hidden_mean,pkg_pct_inbound_max,pkg_pct_outbound_max,pkg_pct_transit_max,pkg_pct_hidden_max,pkg_profile_entropy_mean,pct_pkg_dominant_inbound,pct_pkg_dominant_outbound,pct_pkg_dominant_transit,pct_pkg_dominant_hidden
0xZ0F__Z0FCourse_ReverseEngineering,,cpp,1,8,5,0,2,8,0,0,47,3,19,0,13,0,61,0,0,39,0,0,0,26,0,1,0,0,0,0,1.5,1.5,3,0,0,0,0,0,0,0,0,0,0,0,0,0,0,0,0,,,0,0,0,0,6,,,,,,,,0.875,2,2,0.625,2,2,,,,,,,,,,,,,,,,,0,0,0,1,0,0,0,2,1,,,,,,,,,,,,,
360Controller__360Controller,,cpp,1,8,50,2,79,308,268,11,1344,232,736,34,58,0,1900,15,5,1611,0,4,79,499,0,55,3.53165,0,62,11.0073,2.93671,0,35,0.256494,0,4,0.566193,0.253247,0,15,1.29465,0,0,0,0.732759,6,0.0632911,0.0632911,3,2,1.2,0,0,0,0,3,0,0,0,0,0,0,0,0.875,7,7,6.25,15,15,,,,,,,,,,,,,,,,,0,1,1,1,0,0,0,79,1,,,,,,,,,,,,,
AGWA__git-crypt,,cpp,1,1,26,0,49,290,80,35,832,71,458,37,27,0,1271,17,0,923,0,10,102,401,0,26,2.34694,1,16,3.64524,1.44898,1,8,0.351724,0,21,1.5404,0.348276,0,6,0.783062,0,0,0,0.690141,5,0,0,0,,,0,0,0,0,2,,,,,,,,0,0,0,26,26,26,,,,,,,,,,,,,,,,,0,0,1,1,0,0,0,49,1,,,,,,,,,,,,,
AaronFeng753__Waifu2x-Extension-GUI,,cpp,1,4,35,1,5,516,490,2,5447,162,849,33,39,0,6448,2,0,5940,0,0,362,2891,0,0,98.4,0,490,195.802,32.4,0,160,0.70155,0,58,3.5328,0.70155,0,37,2.34026,0,0,0,4.56173,293,0,0,0,,,0,0,0,0,4,0,0,0,0,2,2,2,0.75,2,2,8.75,32,32,,,,,,,,,,,,,,,,,0,0,0,0,0,0,0,5,1,0,0,0,1,0,0,0,1,0,0,0,0,1
Aircoookie__WLED,,cpp,1,74,185,7,434,2057,1015,156,8798,787,3026,155,259,0,11944,493,51,9429,156,88,2178,8122,501,516,2.69816,0,106,8.73964,1.81336,0,38,1.05882,0,38,2.40036,1.05737,0,176,6.2701,0.196403,0,10,2.09784,124,0.117512,0.117512,9,2,1.09302,0,0,0,0,8,1,0.571429,3,3,31.8571,173,173,0.986486,0,57,2.5,3,60,,,,,,,,,,,,,,,,,0,1,1,1,0,0,0,434,1,0,0,0,1,0,0,0,1,0,0,0,0,1
Alex313031__thorium,,cpp,1,137,135,94,150,1462,554,70,5437,320,2384,55,272,0,7525,1800,5,5037,31,20,311,1683,5,113,4.16,0,224,19.1217,2.13333,0,51,0.212722,0,8,0.691379,0.209986,0,37,1.40318,0.00273598,0,1,0.625,13,0.0333333,0.0333333,3,2,1.2,0,0,0,0,9,2,0.457447,1,3,0.808511,2,22,0.992701,3,14,0.985401,2,14,,,,,,,,,,,,,,,,,0,1,1,1,1,3,0,146,1,0,0.030303,0,0.969697,0,1,0,1,0.0122082,0,0.0277778,0,0.972222
Alinshans__MyTinySTL,,cpp,1,6,45,17,672,1900,1061,234,7633,73,3016,43,51,0,10276,1139,114,8646,212,81,572,6307,1262,242,1.92708,0,115,8.91523,0.108631,0,6,0.301053,0,18,0.776564,0.255789,0,82,2.18243,0.583684,0,5,18.274,81,0.169643,0.169643,81,3,1.02632,0,0,0,0,5,2,0.882353,1,12,12.6471,81,124,0.833333,2,2,7.5,29,29,,,,,,,,,,,,,,,,,0,1,1,1,1,82,0,589,1,0.1,0.201613,0,0.698387,0.5,1,0,1,0.213534,0,0.2,0,0.8
Arduino-IRremote__Arduino-IRremote,,cpp,1,27,68,0,14,279,240,11,669,68,556,8,95,0,1041,0,0,915,0,0,75,154,0,12,17.9286,0,87,30.4571,4.85714,5.5,12,0.268817,0,6,0.635956,0.268817,0,18,1.55524,0,0,0,0.882353,7,0,0,0,,,0,0,0,0,4,,,,,,,,0.962963,1,23,2.51852,4,33,,,,,,,,,,,,,,,,,0,0,0,1,0,0,0,14,1,,,,,,,,,,,,,
AutoHotkey__AutoHotkey,,cpp,1,7,143,1,487,2805,1471,117,18137,1362,9418,314,150,0,23040,107,23,19351,317,113,1996,15586,39,1248,3.26078,0,183,14.9805,2.79671,0,77,0.711586,0,23,1.50693,0.706595,0,48,2.96645,0.00784314,0,2,2.00881,134,0.0472279,0.0472279,9,2,1.13636,0,0,0,0,6,0,0,0,0,0,0,0,0.857143,3,3,20.4286,69,69,,,,,,,,,,,,,,,,,0,1,1,1,4,4,1,478,1,,,,,,,,,,,,,
BlueMatthew__WechatExporter,,cpp,1,4,75,0,95,809,595,57,3275,274,1831,92,79,0,4477,16,8,3934,2,29,155,1254,14,72,6.86316,3,66,10.7807,2.88421,2,18,0.191595,0,16,0.950768,0.185414,0,9,0.575765,0.0148331,0,2,0.821168,14,0.0842105,0.0842105,4,1,1,0,0,0,0,4,,,,,,,,0.75,2,2,18.75,45,45,,,,,,,,,,,,,,,,,0,1,1,1,4,4,1,86,1,,,,,,,,,,,,,
Const-me__Whisper,,cpp,1,30,279,20,359,1380,365,55,6924,782,3571,572,309,0,8961,527,24,7256,52,23,853,5358,34,325,1.16992,0,31,3.35405,2.17827,0,28,0.618116,0,33,1.80975,0.600725,0,30,1.81958,0.0181159,0,2,1.39258,61,0.0668524,0.0668524,9,1,1,0,0,0,0,6,2,0.65,1,6,7.9,18,48,0.966667,3,10,9.3,20,42,,,,,,,,,,,,,,,,,0,1,1,1,2,2,0,355,1,0.00859557,0.0192308,0,0.972174,0.0909091,0.25,0,1,0.107451,0,0,0,1
DarthTon__Blackbone,,cpp,1,32,229,16,1282,1953,1212,179,12278,3624,2961,378,261,0,16117,1067,50,13577,63,14,252,1924,320,763,1.08502,0,68,4.87149,2.82683,0,154,0.129032,0,7,0.500631,0.12596,0,27,0.831723,0.0706605,0,4,0.157837,16,0.0390016,0.0390016,12,2,1.02,0,0,0,0,7,2,0.6875,3,5,38.5,156,170,0.96875,2,12,7.15625,15,36,,,,,,,,,,,,,,,,,0,1,1,1,2,3,0,1277,1,0.00111751,0.0194105,0,0.979472,0.00641026,0.2,0,1,0.0860501,0,0,0,1
DayBreak-u__chineseocr_lite,,cpp,1,38,136,3,90,411,215,28,3197,196,1330,135,174,0,9070,153,2,3416,30,31,266,2515,14,192,2.7,0,56,8.06839,2.17778,0,17,0.647202,0,12,1.62241,0.647202,0,11,1.2221,0.0316302,0,3,3.5,42,0.0222222,0.0222222,1,1,1,0,0,0,0,9,0,0,0,0,16.6667,36,36,0.973684,3,3,3.57895,11,13,,,,,,,,,,,,,,,,,0,1,1,1,1,1,0,88,1,0,0.0277778,0,0.972222,0,0.0833333,0,1,0.137939,0,0,0,1
FastLED__FastLED,,cpp,1,23,137,0,124,803,402,125,3046,91,1690,67,160,0,4092,30,11,3584,41,80,501,2881,133,221,4.25,0,57,9.60983,0.733871,0,10,0.62391,0,7,0.985841,0.62391,0,27,1.89067,0.0747198,0,5,6.86813,50,0.0887097,0.0887097,3,2,1.18182,0,0,0,0,6,,,,,,,,0.956522,2,13,5.95652,8,39,,,,,,,,,,,,,,,,,0,1,1,1,0,0,0,124,1,,,,,,,,,,,,,
HKUST-Aerial-Robotics__VINS-Mono,,cpp,1,35,108,12,180,1058,714,114,6554,574,2678,139,143,0,8621,213,21,7125,17,39,278,3798,145,130,4.6,2,56,7.7119,3.18889,0,70,0.26276,0,13,1.17912,0.255198,0,10,0.756257,0.125709,0,4,1.15157,14,0.116667,0.116667,6,1,1,0,0,0,0,6,0,0,0,0,7.25,22,31,0.971429,3,7,3.08571,7,14,,,,,,,,,,,,,,,,,0,1,1,1,7,8,1,164,1,0.0666667,0.0252199,0.1,0.808113,0.333333,0.16129,1,1,0.291348,0,0,0.1,0.9
HackerPoet__NonEuclidean,,cpp,1,2,52,0,43,252,184,38,803,110,325,87,54,0,1189,2,16,966,55,72,206,882,6,90,5.16279,2,44,9.13193,2.55814,1,17,0.81746,0,14,1.97966,0.81746,0,15,1.91237,0.0238095,0,1,3.68182,52,0.372093,0.372093,9,2,1.0625,0,0,0,0,3,,,,,,,,0.5,1,1,26,52,52,,,,,,,,,,,,,,,,,0,1,1,1,1,1,0,41,1,,,,,,,,,,,,,
LANDrop__LANDrop,,cpp,1,2,27,1,22,93,74,12,265,54,90,36,29,0,438,9,2,356,0,0,8,79,0,8,3.90909,4,14,4.08889,2.45455,2,9,0.0860215,0,1,0.280396,0.0860215,0,2,0.316429,0,0,0,0.5,7,0.0909091,0.0909091,2,1,1,0,0,0,0,3,0,0,0,0,5,5,5,0.5,1,1,13.5,27,27,,,,,,,,,,,,,,,,,0,1,0,1,0,0,0,22,1,0,0,0,1,0,0,0,1,0,0,0,0,1
LordNoteworthy__al-khaser,,cpp,1,13,145,0,86,427,9,3,1379,328,135,147,158,0,2160,15,0,1350,0,0,110,507,1,63,0.139535,0,5,0.631771,3.81395,0,86,0.257611,0,39,1.9512,0.238876,0,28,1.59598,0.00234192,0,1,0.0914634,5,0,0,0,,,0,0,0,0,5,,,,,,,,0.923077,2,8,11.1538,23,72,,,,,,,,,,,,,,,,,0,0,0,1,0,0,0,86,1,,,,,,,,,,,,,
MatsuriDayo__nekoray,,cpp,1,25,135,58,167,788,523,83,2970,541,1107,228,160,0,4466,241,27,3412,89,37,189,1556,13,272,3.62874,1,58,6.96311,3.23952,2,84,0.239848,0,9,0.758763,0.238579,0,9,0.852845,0.0164975,0,4,0.7061,17,0.161677,0.161677,10,2,1.2963,0,0,0,0,8,2,0.465517,3,3,1.65517,3,19,0.96,2,8,5.4,18,21,,,,,,,,,,,,,,,,,0,1,1,1,6,4,2,155,1,0.0797297,0.027027,0.0135135,0.87973,1,1,0.5,1,0.0954921,0.0540541,0.027027,0,0.918919
MicroCBer__BetterNCM,,cpp,1,3,23,4,51,143,53,10,658,88,257,35,26,0,933,47,4,618,8,6,18,217,19,19,1.23529,0,18,3.27551,1.72549,0,15,0.125874,0,6,0.657045,0.111888,0,2,0.356849,0.125874,0,4,0.204545,3,0.0784314,0.0784314,4,1,1,0,0,0,0,4,1,0.25,1,1,1.5,3,3,0.666667,1,1,7.66667,18,18,,,,,,,,,,,,,,,,,0,1,1,1,0,0,0,51,1,0,0,0,1,0,0,0,1,0,0,0,0,1
N64Recomp__N64Recomp,,cpp,1,5,6,1,19,55,4,10,602,98,187,4,11,0,683,17,0,531,2,5,11,344,5,15,0.736842,0,4,1.0683,5.15789,3,19,0.2,0,3,0.643852,0.0545455,0,1,0.227091,0.0909091,0,3,0.561224,5,0,0,0,,,0,0,0,0,4,0,0,0,0,14,14,14,0.8,3,3,1.2,4,4,,,,,,,,,,,,,,,,,0,0,1,1,0,0,0,19,1,0,0,0,1,0,0,0,1,0,0,0,0,1
Neargye__magic_enum,,cpp,1,9,24,58,532,1946,960,243,4303,491,1827,39,33,0,6933,1359,82,5328,166,48,197,2143,780,381,2.26128,0,36,4.83772,0.922932,0,31,0.101233,0,7,0.427147,0.0858171,0,5,0.387808,0.31038,0,8,0.631365,27,0.154135,0.154135,11,3,1.44156,0,0,0,0,6,3,0.913793,4,11,6.84483,20,123,0.888889,3,3,2.66667,9,9,,,,,,,,,,,,,,,,,0,1,1,1,9,10,0,513,1,0.0174928,0.0469079,0,0.935599,0.333333,1,0,1,0.135079,0,0.0277778,0,0.972222
Nevcairiel__LAVFilters,,cpp,1,49,613,0,1043,2196,1572,172,12960,2864,5413,515,662,0,17661,111,53,14253,80,94,304,4440,53,1053,1.6721,0,81,6.55033,2.74593,0,122,0.138434,0,13,0.580464,0.136612,0,9,0.587133,0.0214026,0,6,0.437151,32,0.050815,0.050815,9,2,1.12,0,0,0,0,7,,,,,,,,0.979592,4,8,12.5102,46,72,,,,,,,,,,,,,,,,,0,1,1,1,0,0,0,1043,1,,,,,,,,,,,,,
Qv2ray__Qv2ray,,cpp,1,65,240,111,758,3420,2206,400,9315,1555,4804,419,305,0,14717,1569,131,11724,208,166,591,3351,307,788,3.43799,1,110,7.38416,2.05145,1,54,0.172807,0,8,0.630805,0.168421,0,10,0.651357,0.0576023,0,4,0.55627,92,0.172823,0.172823,11,3,1.34426,0,0,0,0,7,4,0.882883,4,9,5.26126,15,135,0.984615,3,9,3.69231,10,20,,,,,,,,,,,,,,,,,0,1,1,1,18,21,3,716,1,0.0278717,0.0314886,0.00724638,0.933393,0.5,1,0.333333,1,0.162509,0,0.0144928,0,0.985507
R3nzTheCodeGOD__R3nzSkin,,cpp,1,6,62,30,772,2792,914,211,16157,1914,7301,65,68,0,20622,1548,20,17168,173,308,2745,16654,377,989,1.45725,0,65,5.39473,2.47927,0,211,0.983166,0,62,3.12228,0.976719,0,70,3.02529,0.0687679,0,6,3.22727,219,0.0259067,0.0259067,5,2,1.05263,0,0,0,0,4,2,0.566667,1,5,5.93333,10,111,0.833333,3,3,10.3333,20,20,,,,,,,,,,,,,,,,,0,1,1,1,2,6,0,764,1,0.00555556,0.0311562,0,0.963288,0.0833333,0.375,0,1,0.123748,0,0,0,1
RedisInsight__RedisDesktopManager,,cpp,1,23,166,9,127,1183,980,76,3280,330,1899,295,189,0,5394,142,35,4198,12,15,117,894,27,82,8.31496,5,43,9.78968,2.59843,1,21,0.0989011,0,5,0.402264,0.0963652,0,8,0.535324,0.0194421,0,6,0.554545,6,0.275591,0.275591,4,2,1.125,0,0,0,0,6,0,0,0,0,6.33333,23,23,0.956522,2,7,7.21739,18,26,,,,,,,,,,,,,,,,,0,1,1,1,3,4,0,120,1,0.0267857,0.0178571,0,0.955357,0.214286,0.142857,0,1,0.160882,0,0,0,1
ShiqiYu__libfacedetection,,cpp,1,14,11,0,8,47,9,4,565,30,173,7,25,0,641,0,0,468,2,0,7,362,6,12,1.625,0,11,3.60338,3.75,5,7,0.148936,0,2,0.41147,0.148936,0,2,0.41147,0.0851064,0,2,2.03333,7,0,0,0,,,0,0,0,0,9,,,,,,,,0.928571,2,4,0.785714,3,4,,,,,,,,,,,,,,,,,0,0,0,1,0,0,0,8,1,,,,,,,,,,,,,
Squirrel__Squirrel,,cpp,1,6,49,9,118,235,88,17,929,177,445,41,55,0,1234,169,1,998,2,2,17,190,36,65,0.889831,0,17,2.62254,1.5,0,18,0.0723404,0,2,0.274987,0.0680851,0,7,0.500683,0.12766,0,4,0.079096,4,0.00847458,0.00847458,1,1,1,0,0,0,0,5,1,0.666667,5,5,3.22222,11,11,0.833333,3,3,8.16667,22,22,,,,,,,,,,,,,,,,,0,1,1,1,0,0,0,118,1,0,0,0,1,0,0,0,1,0,0,0,0,1
TarsCloud__Tars,,cpp,1,5,6,1,17,56,45,3,181,12,91,6,11,0,263,14,2,235,0,1,2,52,0,2,2.82353,0,15,3.98874,0.705882,0,3,0.0357143,0,2,0.264864,0.0357143,0,1,0.185577,0,0,0,0.166667,1,0.117647,0.117647,1,1,1,0,0,0,0,5,0,0,0,0,9,9,9,0.8,2,2,1.2,4,4,,,,,,,,,,,,,,,,,0,1,1,1,0,0,0,17,1,0,0,0,1,0,0,0,1,0,0,0,0,1
Tatsu-syo__noMeiryoUI,,cpp,1,5,42,2,17,165,105,11,734,78,298,54,47,0,1086,6,6,801,0,7,90,409,0,4,6.82353,4,42,10.2913,4.58824,2,36,0.545455,0,14,1.63838,0.545455,0,9,1.12522,0,0,0,1.51282,6,0.352941,0.352941,3,3,1.66667,0,0,0,0,4,0,0,0,0,0,0,0,0.8,2,2,8.4,21,21,,,,,,,,,,,,,,,,,0,1,1,1,0,0,0,17,1,,,,,,,,,,,,,
Tencent__libco,,cpp,1,1,21,0,80,136,8,6,808,120,334,25,22,0,1093,2,4,738,0,6,203,730,11,14,0.175,0,3,0.519013,1.5,0,15,1.49265,1,10,2.02193,1.30882,1,18,2.37175,0.0588235,0,2,1.74167,8,0.05,0.05,2,1,1,0,0,0,0,2,,,,,,,,0,0,0,21,21,21,,,,,,,,,,,,,,,,,0,1,1,1,0,0,0,80,1,,,,,,,,,,,,,
TheAssassin__AppImageLauncher,,cpp,1,12,44,7,38,170,58,17,614,46,242,69,56,0,942,33,6,657,1,1,63,259,5,8,1.97368,1,10,2.7095,1.21053,0,5,0.370588,0,5,0.880017,0.347059,0,5,0.841999,0.0294118,0,2,0.347826,8,0.157895,0.157895,3,2,1.16667,0,0,0,0,5,2,0.428571,2,2,2.85714,10,10,0.916667,2,8,3.66667,10,10,,,,,,,,,,,,,,,,,0,1,1,1,0,0,0,38,1,0,0,0,1,0,0,0,1,0,0,0,0,1
TranslucentTB__TranslucentTB,,cpp,1,25,186,67,177,1112,830,127,3256,473,1730,427,211,0,5206,235,15,4129,48,20,165,771,101,155,5.40678,1,61,9.68507,2.67232,0,123,0.148381,0,6,0.511132,0.144784,0,5,0.54119,0.073741,0,4,0.323467,14,0.0847458,0.0847458,5,3,1.85714,0,0,0,0,5,5,0.835821,3,6,1.14925,4,9,0.96,4,7,7.44,13,20,,,,,,,,,,,,,,,,,0,1,1,1,2,4,0,171,1,0.0185185,0.0262346,0,0.955247,0.333333,0.25,0,1,0.138543,0,0,0,1
ValveSoftware__openvr,,cpp,1,41,189,7,4864,4860,1957,247,29748,3983,12398,271,230,0,42940,3111,31,26642,803,89,2218,10743,38,2601,0.453125,0,98,3.59537,0.818873,0,149,0.456379,0,31,1.62881,0.424074,0,35,1.64636,0.00720165,0,3,0.857394,37,0.00637336,0.00637336,4,2,1.07407,0,0,0,0,8,1,0.285714,2,2,114,296,296,0.97561,2,9,4.60976,10,75,,,,,,,,,,,,,,,,,0,1,1,1,20,13,0,4831,1,0.01235,0.00680272,0,0.980847,0.0337838,0.047619,0,1,0.119791,0,0,0,1
WiseLibs__better-sqlite3,,cpp,1,4,6,1,602,2715,122,16,24147,2512,12863,4,10,0,28343,66,3,21659,1,3,8809,29818,4,661,0.229236,0,30,1.77392,4.17276,1,270,3.24457,1,184,7.1369,3.17422,1,141,7.87903,0.0014733,0,2,5.83041,287,0.00498339,0.00498339,2,2,1.33333,0,0,0,0,4,0,0,0,0,0,0,0,0.75,2,2,1.5,3,3,,,,,,,,,,,,,,,,,0,1,1,1,4,3,1,594,1,,,,,,,,,,,,,
acaudwell__Gource,,cpp,1,5,63,0,122,1468,1251,145,3520,787,1668,97,68,0,5663,12,48,4789,24,85,855,2483,0,153,11.4426,6,82,15.0164,6.45082,2,105,0.582425,0,17,1.39604,0.582425,0,29,1.6575,0,0,0,1.4587,20,0.393443,0.393443,9,2,1.25,0,0,0,0,4,,,,,,,,0.8,3,3,12.6,34,34,,,,,,,,,,,,,,,,,0,1,1,1,0,0,0,122,1,,,,,,,,,,,,,
albertlauncher__albert,,cpp,1,18,108,8,101,398,275,45,1158,152,489,206,126,0,1977,121,3,1383,3,2,44,390,0,57,3.16832,1,20,4.5404,1.50495,0,17,0.110553,0,5,0.488911,0.105528,0,3,0.405886,0,0,0,0.421053,6,0.029703,0.029703,2,1,1,0,0,0,0,6,1,0.125,1,1,3.5,12,12,0.944444,3,3,6,9,61,,,,,,,,,,,,,,,,,0,1,1,1,0,0,0,101,1,0,0,0,1,0,0,0,1,0,0,0,0,1
alibaba__AndFix,,cpp,1,4,16,4,45,24,0,0,360,158,101,20,20,0,592,13,4,348,0,0,3,142,0,14,0,0,0,0,3.51111,0,33,0.125,0,2,0.438986,0.0416667,0,1,0.199826,0,0,0,0.613924,4,0.0888889,0.0888889,3,1,1,0,0,0,0,4,1,0.5,1,1,2,4,4,0.75,2,2,4,12,12,,,,,,,,,,,,,,,,,0,1,0,1,0,0,0,45,1,0,0,0,1,0,0,0,1,0,0,0,0,1
amhndu__SimpleNES,,cpp,1,3,40,2,50,168,141,21,803,156,317,69,43,0,1187,88,8,931,7,1,70,328,0,37,3.24,0,21,4.70982,3.12,0,29,0.416667,0,6,0.966194,0.416667,0,28,3.04806,0,0,0,0.891026,7,0.16,0.16,8,1,1,0,0,0,0,3,0,0,0,0,22.5,32,32,0.666667,2,2,13.3333,20,20,,,,,,,,,,,,,,,,,0,1,1,1,0,0,0,50,1,0,0,0,1,0,0,0,1,0,0,0,0,1
ange-yaghi__engine-sim,,cpp,1,9,198,6,295,1801,1365,187,4670,1435,1631,402,207,0,7394,326,97,6006,53,50,900,4093,20,315,5.26102,3,54,8.70591,4.86441,3,58,0.499722,0,26,2.01992,0.499722,0,25,1.42326,0.00666297,0,1,1.66551,31,0.328814,0.328814,27,1,1,0,0,0,0,4,0,0,0,0,12.3333,49,49,0.888889,5,5,22,83,83,,,,,,,,,,,,,,,,,0,1,1,1,16,17,2,260,1,0,0.173469,0,0.826531,0,0.346939,0,1,0.465652,0,0,0,1
applenob__Cpp_Primer_Practice,,cpp,1,21,62,0,27,210,76,48,500,37,318,50,83,0,858,3,8,626,16,23,63,301,4,34,4.59259,3,12,3.69443,1.37037,1,4,0.3,0,12,1.00499,0.3,0,6,0.810937,0.0190476,0,2,1.94595,11,0.296296,0.296296,3,2,1.5,0,0,0,0,5,,,,,,,,0.952381,1,17,2.95238,5,20,,,,,,,,,,,,,,,,,0,1,1,1,0,0,0,27,1,,,,,,,,,,,,,
aristocratos__btop,,cpp,1,8,40,42,472,1285,352,195,5685,497,2140,61,48,0,7946,1435,21,5801,94,42,476,4100,944,333,1.1589,0,22,3.08533,1.05297,0,20,0.370428,0,28,1.4003,0.352529,0,22,1.28242,0.590661,0,12,1.00201,14,0.0444915,0.0444915,4,1,1,0,0,0,0,4,3,0.380952,1,5,7.38095,6,114,0.875,4,4,5,15,15,,,,,,,,,,,,,,,,,0,1,1,1,0,1,0,471,1,0,0.000909091,0,0.999091,0,0.0227273,0,1,0.00625964,0,0,0,1
async-profiler__async-profiler,,cpp,1,5,108,0,213,991,807,54,4220,409,1703,237,113,0,5994,10,37,4905,40,102,1443,4280,1,236,4.04225,1,80,8.29803,1.92019,0,46,1.4561,0,34,3.07259,1.44097,1,35,2.75584,0.00100908,0,1,2.5599,13,0.173709,0.173709,11,2,1.18919,0,0,0,0,4,,,,,,,,0.8,3,3,21.6,99,99,,,,,,,,,,,,,,,,,0,1,1,1,0,0,0,213,1,,,,,,,,,,,,,
barry-ran__QtScrcpy,,cpp,1,10,31,1,26,228,199,12,579,68,307,33,41,0,1046,3,3,791,1,0,58,229,0,7,8.11538,3,43,12.4725,2.61538,0,15,0.254386,0,8,0.825168,0.254386,0,7,0.752906,0,0,0,1.04412,22,0.115385,0.115385,2,1,1,0,0,0,0,5,0,0,0,0,3,3,3,0.9,1,7,3.1,6,7,,,,,,,,,,,,,,,,,0,1,0,1,0,0,0,26,1,0,0,0,1,0,0,0,1,0,0,0,0,1
changkun__modern-cpp-tutorial,,cpp,1,16,61,2,29,96,13,16,414,44,128,9,77,0,602,31,2,397,2,5,23,215,44,13,1,0,6,1.57568,1.51724,1,8,0.239583,0,11,1.38252,0.229167,0,2,0.44439,0.395833,0,4,0.431818,5,0.0689655,0.0689655,1,1,1,0,0,0,0,5,1,0.5,1,1,6,7,7,0.9375,3,9,3.8125,9,19,,,,,,,,,,,,,,,,,0,1,1,1,0,0,0,29,1,0,0,0,1,0,0,0,1,0,0,0,0,1
cmderdev__cmder,,cpp,1,3,2,0,4,9,0,0,121,16,22,1,5,0,134,0,0,120,1,0,0,42,0,2,0,0,0,0,4,2,12,0,0,0,0,0,0,0,0,0,0,0,0.3125,1,0,0,0,,,0,0,0,0,4,,,,,,,,0.666667,1,1,0.666667,2,2,,,,,,,,,,,,,,,,,0,0,0,1,0,0,0,4,1,,,,,,,,,,,,,
cp-algorithms__cp-algorithms,,cpp,1,3,63,48,13,74,2,4,457,22,90,7,66,0,658,35,0,425,0,0,51,273,0,0,0.461538,0,3,0.929465,1.69231,2,4,0.689189,0,30,3.57138,0.675676,1,3,0.617495,0,0,0,0.227273,1,0,0,0,,,0,0,0,0,4,0,0,0,0,0.125,0,5,0.666667,1,1,21,60,60,,,,,,,,,,,,,,,,,0,0,0,0,0,0,0,13,1,0,0,0,1,0,0,0,1,0,0,0,0,1
diasurgical__devilution,,cpp,1,7,201,0,442,3117,22,5,19419,1247,8816,229,208,0,24525,1,0,18020,0,0,3209,23031,3,313,0.061086,0,11,0.714033,2.82127,0,171,1.02952,0,51,2.47304,1.02502,0,190,4.57385,0,0,0,4.72013,90,0,0,0,,,0,0,0,0,5,,,,,,,,0.857143,3,3,28.7143,150,150,,,,,,,,,,,,,,,,,0,0,0,1,0,0,0,442,1,,,,,,,,,,,,,
doctest__doctest,,cpp,1,18,64,45,234,914,332,129,3726,270,1760,70,82,0,5875,493,34,3854,62,344,1028,3398,292,650,1.97009,1,27,4.23195,1.15385,0,37,1.12473,0,34,2.06348,1.12035,0,79,5.93037,0.23523,0,6,3.07407,43,0.145299,0.145299,7,2,1.09375,0,0,0,0,5,2,0.422222,1,5,4.08889,17,42,0.944444,3,6,3.55556,5,29,,,,,,,,,,,,,,,,,0,1,1,1,9,25,4,196,1,0.0124424,0.0292537,0.00285714,0.955447,0.166667,0.351351,0.0714286,1,0.158312,0,0,0,1
draios__sysdig,,cpp,1,7,37,1,139,638,465,68,2812,556,1276,67,44,0,3819,27,12,3252,21,14,209,1842,0,166,3.83453,0,52,9.55303,4,2,68,0.327586,0,22,1.35219,0.327586,0,9,0.965335,0,0,0,1.27878,20,0.0863309,0.0863309,3,1,1,0,0,0,0,5,0,0,0,0,1,1,1,0.857143,3,3,5.28571,13,13,,,,,,,,,,,,,,,,,0,1,1,1,0,0,0,139,1,0,0,0,1,0,0,0,1,0,0,0,0,1
duilib__duilib,,cpp,1,16,167,1,347,2560,2104,138,8120,1137,4434,183,183,0,12017,380,89,9988,60,73,743,3822,29,378,6.4611,0,173,17.6081,3.27666,0,62,0.290234,0,17,1.18871,0.288672,0,32,1.27348,0.00078125,0,2,1.14424,33,0.256484,0.256484,11,4,1.69355,0,0,0,0,4,0,0,0,0,132,132,132,0.9375,4,11,10.4375,24,36,,,,,,,,,,,,,,,,,0,1,1,1,15,11,0,321,1,0.106061,0,0,0.893939,0.106061,0,0,0.893939,0.487918,0,0,0,1
dusty-nv__jetson-inference,,cpp,1,39,112,3,98,995,632,58,5892,325,3329,141,151,0,7313,58,15,6550,22,32,293,2975,43,316,7.04082,0,68,11.6443,3.31633,0,28,0.294472,0,30,1.18818,0.294472,0,14,0.972341,0.0432161,0,2,1.56308,21,0.153061,0.153061,13,1,1,0,0,0,0,6,1,0.333333,1,1,6.66667,19,19,0.974359,4,10,2.87179,12,19,,,,,,,,,,,,,,,,,0,1,1,1,1,1,0,96,1,0,0,0,1,0,0,0,1,0,0,0,0,1
emcrisostomo__fswatch,,cpp,1,13,55,8,51,275,109,26,919,112,507,92,68,0,1453,71,3,1001,4,0,135,490,0,55,2.64706,0,36,6.10953,2.19608,1,19,0.490909,0,11,1.30833,0.472727,0,16,1.72526,0,0,0,0.892857,9,0.0588235,0.0588235,3,1,1,0,0,0,0,7,1,0.75,3,3,2.875,19,19,0.923077,2,3,4.23077,10,26,,,,,,,,,,,,,,,,,0,1,0,1,0,0,0,51,1,0,0,0,1,0,0,0,1,0,0,0,0,1
epezent__implot,,cpp,1,2,6,2,152,663,151,77,5146,476,2094,7,8,0,6173,465,16,5343,36,85,796,4610,153,183,1.5,0,37,3.7258,3.13158,0,48,1.2006,0,25,2.46065,1.14027,0,50,3.29677,0.164404,0,4,2.26681,60,0.105263,0.105263,16,1,1,0,0,0,0,3,0,0,0,0,24,46,46,0.5,1,1,3,5,5,,,,,,,,,,,,,,,,,0,1,1,1,2,7,0,143,1,0,0.076087,0,0.923913,0,0.152174,0,1,0.307627,0,0,0,1
espressif__arduino-esp32,,cpp,1,371,658,4,435,2782,1866,164,10967,706,5917,375,1029,0,16184,68,57,12730,162,236,1866,6262,18,749,4.66667,0,126,13.3445,1.62299,0,34,0.67074,0,31,1.76702,0.667146,0,50,2.35704,0.00647017,0,2,2.0255,25,0.131034,0.131034,8,5,1.54902,0,0,0,0,7,0,0,0,0,5.25,11,11,0.997305,1,264,1.77358,2,106,,,,,,,,,,,,,,,,,0,1,1,1,4,7,1,423,1,0.0227273,0.147727,0.0227273,0.806818,0.0909091,0.5,0.0909091,1,0.569403,0,0,0,1
facebook__yoga,,cpp,1,24,163,25,591,2779,1273,307,7863,587,5163,253,187,0,11773,871,29,8693,378,47,1384,4402,412,847,2.67343,0,229,13.486,0.993232,0,233,0.498021,0,19,1.07488,0.411659,0,83,2.14255,0.0788053,0,16,1.52129,229,0.0490694,0.0490694,9,2,1.32143,0,0,0,0,5,3,0.76,3,4,9.72,29,127,0.958333,2,8,6.79167,19,31,,,,,,,,,,,,,,,,,0,1,1,1,1,7,0,583,1,0,0.0949502,0,0.90505,0,0.75,0,1,0.160632,0,0.0714286,0,0.928571
falcosecurity__falco,,cpp,1,11,139,21,216,1223,660,296,3504,681,1843,225,150,0,5347,254,35,4452,47,34,176,1083,35,275,4.42593,4,63,5.98409,3.15278,2,53,0.143908,0,9,0.568074,0.143908,0,40,1.25709,0.0188062,0,2,0.23348,7,0.162037,0.162037,6,2,1.11429,0,0,0,0,6,2,0.52381,1,4,4.38095,10,17,0.909091,2,2,12.6364,38,39,,,,,,,,,,,,,,,,,0,1,1,1,8,7,0,201,1,0.0474265,0.0366319,0,0.915942,0.5,0.25,0,1,0.285736,0,0,0,1
filecxx__FileCentipede,,cpp,1,15,100,13,70,610,525,51,2164,367,1133,143,115,0,3570,83,6,2622,1,2,179,480,13,8,8.22857,4,79,13.3782,5.24286,3,28,0.293443,0,7,0.738268,0.291803,0,6,0.645361,0.0163934,0,2,0.245232,14,0.0857143,0.0857143,5,2,1.83333,0,0,0,0,5,1,0.846154,1,10,4.69231,9,19,0.933333,2,11,6.66667,18,18,,,,,,,,,,,,,,,,,0,1,1,1,1,2,0,67,1,0.0166667,0.0185185,0,0.964815,0.2,0.222222,0,1,0.123844,0,0,0,1
flameshot-org__flameshot,,cpp,1,49,310,12,234,1822,1543,184,4524,717,2117,530,359,0,7826,121,43,6180,118,93,494,1950,1,427,7.38034,4,139,13.0756,3.0641,1,47,0.271131,0,28,1.28831,0.271131,0,13,0.953951,0,0,0,0.913529,23,0.183761,0.183761,12,2,1.51163,0,0,0,0,7,2,0.25,1,1,2.33333,4,17,0.979592,3,23,6.32653,24,34,,,,,,,,,,,,,,,,,0,1,1,1,0,0,0,234,1,0,0,0,1,0,0,0,1,0,0,0,0,1
flashlight__wav2letter,,cpp,1,34,113,20,56,429,166,90,2723,168,1025,174,147,0,3560,179,13,2594,3,8,47,998,83,56,4.57143,5,12,3.06394,3,2,15,0.109557,0,5,0.487252,0.0769231,0,3,0.321932,0.193473,0,4,0.386905,4,0.232143,0.232143,9,2,1.23077,0,0,0,0,10,2,0.5,2,4,2.5,2,32,0.970588,2,8,3.32353,10,19,,,,,,,,,,,,,,,,,0,1,1,1,0,0,0,56,1,0,0,0,1,0,0,0,1,0,0,0,0,1
focus-creative-games__hybridclr,,cpp,1,6,71,6,1252,945,523,15,15099,5307,2727,144,77,0,17662,1507,828,14781,61,14,946,9510,19,276,0.429712,0,110,4.60698,4.23882,4,31,1.00106,0,148,5.35106,0.995767,0,56,3.48784,0.0201058,0,1,0.476352,63,0.661342,0.661342,824,2,1.00242,0,0,0,0,4,1,0.666667,3,3,173.5,860,860,0.833333,4,4,11.8333,29,29,,,,,,,,,,,,,,,,,0,1,1,1,4,5,1,1242,1,0.0392741,0.0383879,0.000232558,0.922105,0.142857,0.142857,0.00116279,1,0.365857,0,0,0,1
forhappy__Cplusplus-Concurrency-In-Practice,,cpp,1,4,1,0,0,2,0,0,3,0,2,0,5,0,5,0,0,3,0,0,0,1,0,0,,,,,,,,0,0,0,0,0,0,0,0,0,0,0,,,,,,,,0,0,0,0,5,,,,,,,,0.75,1,1,0.25,1,1,,,,,,,,,,,,,,,,,0,0,0,0,0,0,0,0,,,,,,,,,,,,,,
gabime__spdlog,,cpp,1,12,145,23,482,1626,742,235,5287,374,2482,173,157,0,7835,958,82,6228,79,50,567,2922,975,421,2.02697,0,61,5.48794,0.775934,0,32,0.348708,0,28,1.05427,0.338868,0,36,1.85983,0.45326,0,12,1.54278,75,0.170124,0.170124,42,3,1.24691,0,0,0,0,6,3,0.826087,3,7,16.1739,63,147,0.916667,4,5,12.0833,28,34,,,,,,,,,,,,,,,,,0,1,1,1,4,13,0,465,1,0.00687144,0.0343985,0,0.95873,0.037037,0.142857,0,1,0.211532,0,0,0,1
gaoxiang12__slambook,,cpp,1,53,117,4,110,361,156,21,2369,98,922,31,170,0,3421,167,0,2547,45,12,110,1366,256,55,1.60909,0,28,4.47639,0.890909,0,16,0.304709,0,10,1.08437,0.277008,0,12,1.17251,0.603878,0,11,1.54082,10,0,0,0,,,0,0,0,0,6,1,0.25,1,1,9.75,29,29,0.981132,3,12,2.20755,7,8,,,,,,,,,,,,,,,,,0,0,1,1,0,10,0,100,1,0,0.114943,0,0.885057,0,0.344828,0,1,0.309788,0,0,0,1
gaoxiang12__slambook2,,cpp,1,28,69,1,143,260,161,32,1831,142,586,56,97,0,2368,28,0,1996,2,4,71,976,10,11,1.34965,0,28,3.46462,0.993007,0,17,0.273077,0,10,1.06267,0.273077,0,11,0.935644,0.0384615,0,1,0.795775,9,0,0,0,,,0,0,0,0,5,0,0,0,0,16,16,16,0.964286,4,12,2.46429,7,14,,,,,,,,,,,,,,,,,0,0,1,1,0,0,0,143,1,0,0,0,1,0,0,0,1,0,0,0,0,1
ggerganov__kbd-audio,,cpp,1,1,40,3,124,377,42,3,4976,344,1694,78,41,0,5833,76,0,4307,5,3,355,3643,68,145,0.362903,0,10,1.39893,2.77419,0,44,0.941645,0,24,1.90401,0.872679,0,17,1.70184,0.137931,0,4,1.40116,36,0,0,0,,,0,0,0,0,2,0,0,0,0,3,7,7,0,0,0,40,40,40,,,,,,,,,,,,,,,,,0,0,1,1,0,0,0,124,1,0,0,0,1,0,0,0,1,0,0,0,0,1
gibsjose__cpp-cheat-sheet,,cpp,1,3,3,0,2,11,5,2,27,5,15,2,6,0,43,1,0,34,0,0,4,19,0,0,3.5,3.5,7,3.5,2.5,2.5,5,0.363636,0,1,0.481046,0.363636,0,2,0.642824,0,0,0,1,3,0,0,0,,,0,0,0,0,4,,,,,,,,0.666667,1,1,1,3,3,,,,,,,,,,,,,,,,,0,0,0,0,0,0,0,2,1,,,,,,,,,,,,,
goldendict__goldendict,,cpp,1,41,582,83,766,3395,1910,350,13338,2206,5886,724,623,0,18958,743,171,15619,31,259,1313,6811,13,716,2.95039,0,176,9.07397,2.8799,0,93,0.386745,0,28,1.31684,0.386451,0,35,1.5315,0.00235641,0,2,0.856301,53,0.223238,0.223238,56,3,1.40351,0,0,0,0,5,2,0.361446,1,4,3.91566,12,39,0.97561,2,13,14.1951,22,269,,,,,,,,,,,,,,,,,0,1,1,1,22,33,2,709,1,0.076672,0.140166,0.0112903,0.771872,1,1,0.5,1,0.221995,0.0483871,0.112903,0,0.83871
google__benchmark,,cpp,1,9,94,16,202,1046,404,135,3018,359,1292,170,103,0,4612,500,33,3031,29,73,484,1444,73,236,2.66832,1,46,5.88957,1.77723,0,27,0.462715,0,14,1.14697,0.444551,0,55,2.53056,0.0659656,0,3,0.807799,5,0.163366,0.163366,6,3,1.57576,0,0,0,0,5,2,0.4375,2,3,7.0625,22,27,0.888889,5,5,10.4444,45,45,,,,,,,,,,,,,,,,,0,1,1,1,6,15,2,179,1,0.0217554,0.0478114,0,0.930433,0.111111,0.222222,0,1,0.291829,0,0,0,1
google__bloaty,,cpp,1,11,47,9,329,591,327,71,3626,1047,1109,47,58,0,4678,332,13,3942,14,28,297,1546,83,226,1.20973,0,29,3.6481,3.18237,2,30,0.502538,0,13,1.26367,0.480541,0,45,2.15064,0.14044,0,6,0.389685,17,0.0395137,0.0395137,4,2,1.07692,0,0,0,0,5,1,0.666667,5,5,14.4444,48,48,0.909091,3,3,4.27273,8,16,,,,,,,,,,,,,,,,,0,1,1,1,3,11,1,314,1,0.00357143,0.0785714,0.00833333,0.909524,0.0285714,0.6,0.0666667,1,0.200512,0,0.125,0,0.875
google__flutter-desktop-embedding,,cpp,1,32,40,1,10,103,32,7,407,27,180,30,72,0,724,42,1,388,0,1,9,123,0,0,3.9,2.5,15,4.61411,2.7,2,5,0.0873786,0,4,0.504481,0.0873786,0,3,0.396754,0,0,0,0.148148,2,0.1,0.1,1,1,1,0,0,0,0,7,0,0,0,0,2,2,2,0.96875,2,4,1.25,3,8,,,,,,,,,,,,,,,,,0,1,1,0,0,0,0,10,1,0,0,0,1,0,0,0,1,0,0,0,0,1
google__gemma,,cpp,1,6,33,22,492,1700,266,82,13247,263,5050,54,39,0,15617,1595,33,12769,24,60,1088,10110,1507,438,0.707317,0,21,1.8945,0.534553,0,16,0.64,0,19,2.30928,0.602941,0,54,4.11747,0.861176,0,7,1.20913,14,0.0670732,0.0670732,11,1,1,0,0,0,0,4,2,0.909091,1,11,15.5909,28,84,0.833333,4,4,5.5,19,19,,,,,,,,,,,,,,,,,0,1,1,1,21,84,0,387,1,0.00297619,0.244048,0,0.752976,0.0357143,0.321429,0,1,0.716335,0,0,0,1
google__glog,,cpp,1,13,57,26,105,532,133,51,1748,126,884,92,70,0,2549,483,0,1740,23,9,297,892,44,98,1.75238,0,37,3.95157,1.2,0,14,0.558271,0,28,1.87444,0.541353,0,22,1.50943,0.0695489,0,4,0.952381,13,0,0,0,,,0,0,0,0,5,3,0.692308,2,6,2.19231,9,19,0.923077,3,7,4.38462,8,34,,,,,,,,,,,,,,,,,0,0,1,1,1,2,0,102,1,0,0.0509259,0,0.949074,0,0.5,0,1,0.125272,0,0,0,1
google__guetzli,,cpp,1,5,49,8,58,413,146,33,3165,226,1116,66,54,0,3782,353,1,3275,2,17,165,2455,20,53,3.08621,1,18,5.11686,3.89655,3,20,0.399516,0,14,1.26135,0.394673,0,4,0.707395,0.0435835,0,2,1.31416,13,0.0172414,0.0172414,1,1,1,0,0,0,0,5,1,0.375,1,1,6.75,23,23,0.8,2,2,9.8,45,45,,,,,,,,,,,,,,,,,0,1,1,1,5,1,0,52,1,0.0543478,0.0416667,0,0.903986,0.217391,0.166667,0,1,0.351349,0,0,0,1
google__leveldb,,cpp,1,11,133,13,360,2347,1470,371,6009,814,3136,380,144,0,9448,652,82,7747,396,352,1707,4662,12,564,5.11389,3,51,6.96546,2.26111,1,28,0.727311,0,58,2.34675,0.724755,0,67,2.74605,0.0017043,0,2,1.9914,34,0.227778,0.227778,7,2,1.06098,0,0,0,0,4,2,0.769231,4,5,18.7692,59,115,0.909091,1,8,12.0909,42,44,,,,,,,,,,,,,,,,,0,1,1,1,27,46,5,282,1,0.0416968,0.164958,0.0778406,0.715505,0.271186,0.6,0.666667,1,0.635592,0,0.111111,0.111111,0.777778
google__libphonenumber,,cpp,1,21,110,12,293,1446,817,184,3480,253,2429,204,131,0,5750,620,20,4495,82,54,535,1888,155,156,3.41638,0,159,11.1819,0.863481,0,32,0.369986,0,16,1.02157,0.365145,0,9,1.03507,0.060166,0,6,1.77075,27,0.0682594,0.0682594,2,1,1,0,0,0,0,7,3,0.833333,3,4,17,75,115,0.952381,2,3,5.2381,9,46,,,,,,,,,,,,,,,,,0,1,1,1,3,3,0,287,1,0,0.00505176,0,0.994948,0,0.0266667,0,1,0.0356294,0,0,0,1
google__re2,,cpp,1,7,78,10,291,1653,913,235,5983,499,3208,134,85,0,8294,1117,6,6639,75,156,1088,4294,84,381,3.94502,0,77,9.20875,1.71478,0,23,0.658197,0,28,1.93792,0.653358,0,35,2.29447,0.0429522,0,6,1.67134,16,0.0206186,0.0206186,1,1,1,0,0,0,0,4,1,0.4,2,2,17,19,105,0.857143,4,4,11.1429,35,35,,,,,,,,,,,,,,,,,0,1,1,1,9,17,7,258,1,0.0031746,0.0724868,0.0042328,0.920106,0.0285714,0.5,0.0380952,1,0.24283,0,0,0,1
google__snappy,,cpp,1,1,18,7,42,337,129,41,1260,65,673,29,19,0,1721,217,7,1393,6,36,105,824,14,35,4.04762,4,14,3.5251,1.54762,0,8,0.311573,0,5,0.782382,0.311573,0,8,0.875456,0.0296736,0,1,1.70769,7,0.166667,0.166667,1,1,1,0,0,0,0,2,1,0.571429,2,2,5.57143,12,12,0,0,0,18,18,18,,,,,,,,,,,,,,,,,0,1,1,1,0,0,0,42,1,0,0,0,1,0,0,0,1,0,0,0,0,1
gzc__CLRS,,cpp,1,38,69,0,48,342,180,42,1598,102,729,18,107,0,2131,4,0,1751,2,25,274,1473,7,73,4.625,1.5,26,6.46666,2.125,2,6,0.80117,0,53,3.19012,0.80117,1,6,0.991896,0,0,0,2.73529,12,0,0,0,,,0,0,0,0,5,,,,,,,,0.973684,1,20,1.81579,5,6,,,,,,,,,,,,,,,,,0,0,1,1,0,0,0,48,1,,,,,,,,,,,,,
haoel__leetcode,,cpp,1,469,524,1,85,1222,815,51,6439,176,2604,3,993,0,8548,7,7,7292,3,40,346,5405,10,56,10.1882,2,670,72.0437,2.07059,1,35,0.283142,0,54,1.94609,0.283142,0,5,0.586281,0.00654664,0,2,1.91477,22,0.0823529,0.0823529,6,1,1,0,0,0,0,6,0,0,0,0,2,2,2,0.997868,0,464,1.11727,1,6,,,,,,,,,,,,,,,,,0,1,1,1,0,0,0,85,1,0,0,0,1,0,0,0,1,0,0,0,0,1
hluk__CopyQ,,cpp,1,34,313,30,787,6018,4699,306,18378,1366,7444,876,347,0,27547,1021,69,22943,736,115,2398,6580,76,1488,6.35959,2,345,23.0172,1.73571,0,45,0.398471,0,67,1.76495,0.398139,0,114,2.27876,0.0111333,0,4,1.04832,127,0.0876747,0.0876747,9,2,1.19118,0,0,0,0,6,1,0.233333,1,3,10.7667,33,80,0.970588,3,8,9.20588,20,111,,,,,,,,,,,,,,,,,0,1,1,1,13,9,2,763,1,0.010928,0.00280584,0.00194932,0.984317,0.151515,0.0454545,0.0526316,1,0.0775113,0,0,0,1
huihut__interview,,cpp,1,17,55,0,58,144,61,11,407,32,179,26,72,0,639,2,16,468,0,13,116,514,0,25,1.24138,0.5,15,2.23846,0.551724,0,5,0.805556,0,46,3.88244,0.770833,1,4,0.779234,0,0,0,5.0625,13,0.275862,0.275862,3,1,1,0,0,0,0,5,,,,,,,,0.941176,5,5,3.23529,7,15,,,,,,,,,,,,,,,,,0,1,1,1,1,1,0,56,1,,,,,,,,,,,,,
id-Software__DOOM,,cpp,1,5,146,0,298,766,0,0,6453,582,1522,473,151,0,8568,1,0,5491,56,0,1567,9160,0,459,0,0,0,0,1.95302,0,35,2.04569,1,25,2.64017,2.02611,1,92,5.49952,0,0,0,4.53093,64,0,0,0,,,0,0,0,0,3,,,,,,,,0.8,4,4,29.2,124,124,,,,,,,,,,,,,,,,,0,0,0,1,0,0,0,298,1,,,,,,,,,,,,,
idea4good__GuiLite,,cpp,1,5,24,0,64,259,233,13,997,149,535,24,29,0,1325,0,14,1227,5,33,351,1577,0,110,3.84375,0,39,6.94446,2.32812,0,22,1.35521,1,11,1.94452,1.33591,1,42,3.41119,0,0,0,5.01342,41,0.21875,0.21875,10,2,1.14286,0,0,0,0,5,,,,,,,,0.8,2,2,4.8,12,12,,,,,,,,,,,,,,,,,0,1,1,1,0,0,0,64,1,,,,,,,,,,,,,
ideawu__ssdb,,cpp,1,40,379,16,655,3719,1972,265,16205,941,9307,618,419,0,21975,1012,257,17808,438,908,3765,10905,21,1111,3.41527,2,75,7.24374,1.43664,0,28,1.01237,0,87,2.60955,1.01156,0,114,4.12869,0.00403334,0,2,2.76302,105,0.392366,0.392366,49,2,1.01613,0,0,0,0,8,2,0.75,2,6,24.1875,46,244,0.975,3,8,9.475,28,45,,,,,,,,,,,,,,,,,0,1,1,1,29,144,11,471,1,0.00901913,0.197091,0.0444273,0.749463,0.0737705,0.666667,0.5,1,0.465326,0,0.230769,0,0.769231
interpretml__interpret,,cpp,1,16,115,4,381,1853,766,128,12577,490,3402,393,131,0,15053,744,36,13074,45,125,1388,10360,652,190,2.34646,0,34,5.24774,1.28609,0,21,0.749056,0,59,2.78946,0.747437,0,162,5.57371,0.267134,0,12,2.26735,23,0.0944882,0.0944882,7,4,2.13889,0,0,0,0,6,0,0,0,0,41.75,69,69,0.9375,5,6,7.1875,17,55,,,,,,,,,,,,,,,,,0,1,1,1,0,2,0,379,1,0,0.00980392,0,0.990196,0,0.0392157,0,1,0.0596711,0,0,0,1
ipkn__crow,,cpp,1,8,32,12,253,458,268,51,1913,210,682,32,40,0,2679,267,35,2102,21,41,248,1453,150,176,1.26087,0,33,3.67922,0.83004,0,24,0.541485,0,12,1.29131,0.5131,0,17,1.56408,0.165939,0,10,1.42857,24,0.13834,0.13834,23,1,1,0,0,0,0,4,2,0.75,1,6,10.5,30,58,0.875,3,3,4,22,22,,,,,,,,,,,,,,,,,0,1,1,1,5,15,1,232,1,0.210606,0.0759324,0.0227273,0.690734,1,0.333333,0.25,1,0.444262,0.181818,0,0,0.818182
jomjol__AI-on-the-edge-device,,cpp,1,26,114,2,266,1498,588,79,7230,918,3566,215,140,0,9507,16,25,7712,34,19,616,5206,0,255,2.50752,0,44,7.52052,3.45113,0,43,0.411215,0,22,1.40538,0.394526,0,40,1.58974,0,0,0,1.47386,39,0.093985,0.093985,5,3,1.6087,0,0,0,0,7,0,0,0,0,1,2,2,0.961538,3,14,4.38462,10,23,,,,,,,,,,,,,,,,,0,1,1,1,0,0,0,266,1,0,0,0,1,0,0,0,1,0,0,0,0,1
justadudewhohacks__opencv4nodejs,,cpp,1,19,235,7,90,299,260,14,947,59,329,175,254,0,1435,79,27,1218,0,0,0,54,29,0,3.04444,2,9,2.62852,0.655556,0,11,0,0,0,0,0,0,0,0,0.0802676,0,1,0.0508475,3,0.3,0.3,9,4,2.2963,0,0,0,0,5,0,0,0,0,6.85714,18,18,0.947368,1,15,12.3684,24,32,,,,,,,,,,,,,,,,,0,1,0,0,0,0,0,90,1,0,0,0,1,0,0,0,1,0,0,0,0,1
justcallmekoko__ESP32Marauder,,cpp,1,2,41,0,34,375,347,12,1657,221,538,52,43,0,2406,8,0,1814,0,0,148,1064,4,89,10.5588,2,108,20.7835,6.5,2,46,0.394667,0,21,1.41571,0.394667,0,16,1.26448,0.0106667,0,2,0.945701,17,0,0,0,,,0,0,0,0,3,,,,,,,,0.5,1,1,20.5,35,35,,,,,,,,,,,,,,,,,0,0,0,1,0,0,0,34,1,,,,,,,,,,,,,
kamyu104__LeetCode-Solutions,,cpp,1,2,2835,0,344,5106,4843,215,28083,714,11502,0,2837,0,38516,111,3,30945,21,73,536,17636,114,183,14.7035,3,3005,167.56,2.07558,2,51,0.104975,0,5,0.416026,0.0699177,0,12,0.417976,0.00509205,0,7,0.556022,7,0.00872093,0.00872093,2,1,1,0,0,0,0,3,,,,,,,,0.5,1,1,1417.5,2835,2835,,,,,,,,,,,,,,,,,0,1,1,1,24,9,0,311,1,,,,,,,,,,,,,
kdrag0n__safetynet-fix,,cpp,1,4,3,3,8,28,19,3,154,39,83,2,7,0,195,14,1,143,0,1,14,63,3,2,2.75,1,8,2.90474,4.875,4.5,15,0.5,0,2,0.566947,0.25,0,2,0.50885,0.107143,0,3,0.615385,7,0.125,0.125,1,1,1,0,0,0,0,5,1,0.333333,1,1,2.66667,5,5,0.75,1,1,0.75,3,3,,,,,,,,,,,,,,,,,0,1,1,1,1,1,1,5,1,0.166667,0.333333,0.0666667,0.433333,0.5,1,0.2,0.8,0.573976,0,0.333333,0,0.666667
keepassxreboot__keepassxc,,cpp,1,56,754,35,840,6657,5531,398,20338,1918,8682,1840,810,0,32377,776,141,25794,307,398,2314,7758,63,1277,7.05833,2,197,16.1882,2.28333,0,36,0.347604,0,13,0.975103,0.347003,0,51,1.72159,0.00886285,0,4,0.55683,23,0.167857,0.167857,19,2,1.27143,0,0,0,0,6,2,0.228571,1,3,4.37143,10,66,0.982143,3,17,13.4643,36,90,,,,,,,,,,,,,,,,,0,1,1,1,12,15,1,812,1,0.0375812,0.00892857,0.00178571,0.951705,0.625,0.178571,0.0357143,1,0.124621,0.05,0,0,0.95
kelektiv__node.bcrypt,,cpp,1,2,4,1,5,43,6,3,258,12,146,3,6,0,324,14,0,266,0,0,21,182,0,3,1.8,3,3,1.46969,2.4,3,4,0.488372,0,6,1.04263,0.488372,0,5,1.0647,0,0,0,1.25,4,0,0,0,,,0,0,0,0,3,0,0,0,0,3,3,3,0.5,1,1,2,4,4,,,,,,,,,,,,,,,,,0,0,0,1,0,0,0,5,1,0,0,0,1,0,0,0,1,0,0,0,0,1
kyleneideck__BackgroundMusic,,cpp,1,17,178,2,128,1402,1031,162,5101,260,3322,261,195,0,8793,58,15,6295,16,115,337,1674,32,369,9.32031,3,128,16.7406,2.03125,1,19,0.240371,0,7,0.61484,0.240371,0,57,1.77074,0.0185449,0,4,1.33077,15,0.117188,0.117188,4,3,1.46667,0,0,0,0,6,0,0,0,0,0,0,0,0.941176,3,4,10.4706,32,37,,,,,,,,,,,,,,,,,0,1,1,1,3,6,1,118,1,,,,,,,,,,,,,
leela-zero__leela-zero,,cpp,1,7,78,14,848,2111,1202,250,6790,425,3594,173,85,0,10049,1502,38,8089,470,314,1050,4065,351,935,1.71226,0,71,6.50071,0.501179,0,24,0.497395,0,19,1.12331,0.494079,0,58,2.75922,0.124586,0,4,1.01882,46,0.0448113,0.0448113,7,3,1.38889,0,0,0,0,4,2,0.857143,2,6,28.3571,70,196,0.857143,3,3,11.1429,54,54,,,,,,,,,,,,,,,,,0,1,1,1,9,9,4,826,1,0.0529312,0.0122283,0.171296,0.763544,0.5,0.1,1,1,0.239105,0,0,0.166667,0.833333
leethomason__tinyxml2,,cpp,1,2,4,1,32,452,389,34,1578,66,704,3,6,0,2267,33,10,1999,54,42,684,1598,8,207,13.2188,8.5,79,18.666,2.0625,0.5,14,1.51327,1,152,7.27447,1.51327,1,25,2.37563,0.0110619,0,4,4.33333,25,0.3125,0.3125,6,2,1.1,0,0,0,0,3,0,0,0,0,20,20,20,0.5,1,1,2,3,3,,,,,,,,,,,,,,,,,0,1,1,1,3,2,0,27,1,0.15,0,0,0.85,0.15,0,0,0.85,0.60984,0,0,0,1
lettier__3d-game-shaders-for-beginners,,cpp,1,3,1,0,2,20,0,0,429,17,100,0,4,0,451,0,0,328,1,0,7,244,0,34,0,0,0,0,8.5,8.5,12,0.35,0,4,0.90967,0.3,0,3,0.714143,0,0,0,0.588235,2,0,0,0,,,0,0,0,0,4,,,,,,,,0.666667,1,1,0.333333,1,1,,,,,,,,,,,,,,,,,0,0,0,1,0,0,0,2,1,,,,,,,,,,,,,
libcpr__cpr,,cpp,1,6,116,7,185,1108,600,307,2165,216,1269,170,122,0,3869,303,31,3040,63,34,175,591,123,114,4.9027,2,141,12.4818,1.16757,0,21,0.157942,0,7,0.483818,0.156137,0,9,0.696813,0.107401,0,4,0.430556,8,0.167568,0.167568,13,1,1,0,0,0,0,4,1,0.571429,4,4,16.8571,74,74,0.833333,4,4,19.3333,49,49,,,,,,,,,,,,,,,,,0,1,1,1,4,16,0,165,1,0.0108108,0.00540541,0,0.983784,0.0540541,0.027027,0,1,0.0960867,0,0,0,1
linyacool__WebServer,,cpp,1,15,131,2,86,443,278,57,1951,199,906,191,146,0,4302,36,28,2166,3,49,208,1506,12,93,3.89535,1,27,5.92399,2.31395,0,21,0.469526,0,18,1.44761,0.469526,0,11,1.01272,0.0180587,0,4,1.61809,6,0.325581,0.325581,17,1,1,0,0,0,0,5,0,0,0,0,0,0,0,0.933333,3,6,8.73333,22,30,,,,,,,,,,,,,,,,,0,1,1,1,0,0,0,86,1,,,,,,,,,,,,,
liuruoze__EasyPR,,cpp,1,17,61,12,204,1389,959,105,6146,546,2778,98,78,0,8138,496,5,7101,68,53,413,4058,33,218,5.21569,0,103,13.2348,2.67647,0,24,0.297336,0,19,1.09722,0.292297,0,17,0.881506,0.0208783,0,2,1.90659,56,0.0245098,0.0245098,3,1,1,0,0,0,0,5,1,0.416667,2,2,8.33333,22,22,0.941176,4,5,3.58824,10,12,,,,,,,,,,,,,,,,,0,1,1,1,2,2,1,199,1,0,0.02,0.01,0.97,0,0.2,0.1,1,0.119092,0,0,0,1
lltcggie__waifu2x-caffe,,cpp,1,8,72,4,177,693,502,121,3430,254,1958,72,80,0,4488,161,32,3900,41,32,206,1790,32,119,3.51977,0,44,7.5943,1.43503,0,46,0.297258,0,9,0.802921,0.294372,0,9,0.82524,0.024531,0,1,1.44094,8,0.180791,0.180791,3,2,1.1875,0,0,0,0,4,0,0,0,0,22.5,43,43,0.875,5,5,9,24,24,,,,,,,,,,,,,,,,,0,1,1,1,2,1,0,174,1,0.0116279,0,0,0.988372,0.0465116,0,0,1,0.0678474,0,0,0,1
me115__design_patterns,,cpp,1,19,157,0,63,230,100,66,213,28,124,172,176,0,782,0,33,442,0,45,57,118,0,4,2.63492,2,7,1.0882,0.444444,0,3,0.247826,0,27,1.83786,0.247826,0,2,0.479465,0,0,0,1.46429,5,0.52381,0.52381,3,2,1.06061,0,0,0,0,4,,,,,,,,0.947368,1,17,8.26316,11,19,,,,,,,,,,,,,,,,,0,1,1,1,0,0,0,63,1,,,,,,,,,,,,,
microsoft__Detours,,cpp,1,37,102,36,524,4008,1241,215,15119,926,8193,100,139,0,20084,844,80,14594,148,64,218,3523,280,534,2.77863,0,79,6.82697,1.76718,1,31,0.0543912,0,7,0.362316,0.0513972,0,15,0.493322,0.0479042,0,3,0.342333,12,0.152672,0.152672,11,3,1.45333,0,0,0,0,4,3,0.861111,4,8,7.55556,24,97,0.972973,0,33,2.75676,7,13,,,,,,,,,,,,,,,,,0,1,1,1,8,8,0,508,1,0.0369727,0.0626463,0,0.900381,0.333333,1,0,1,0.185927,0,0.0434783,0,0.956522
microsoft__GSL,,cpp,1,2,13,6,70,309,97,58,490,16,258,7,15,0,227,154,4,673,39,0,33,168,242,48,2.21429,0,18,3.65237,0.228571,0,2,0.106796,0,2,0.31916,0.100324,0,14,0.955126,0.666667,0,8,1.375,6,0.0571429,0.0571429,1,1,1,0,0,0,0,3,1,0.333333,1,1,5.5,17,17,0.5,1,1,6.5,13,13,,,,,,,,,,,,,,,,,0,1,0,1,0,0,0,70,1,0,0,0,1,0,0,0,1,0,0,0,0,1
microsoft__IoT-For-Beginners,,cpp,1,133,73,0,14,67,31,3,335,54,62,48,206,0,1104,4,0,330,1,1,32,223,0,27,2.42857,1,10,2.99319,3.85714,3,13,0.477612,0,10,1.66041,0.477612,0,2,0.607373,0,0,0,0.611111,5,0,0,0,,,0,0,0,0,9,,,,,,,,0.992481,2,6,0.548872,2,9,,,,,,,,,,,,,,,,,0,0,1,1,0,0,0,14,1,,,,,,,,,,,,,
microsoft__wslg,,cpp,1,5,30,3,67,161,77,19,545,138,184,38,35,0,834,41,0,607,2,7,60,283,12,47,1.43284,0,12,3.17276,2.0597,0,14,0.372671,0,12,1.1411,0.360248,0,15,1.44271,0.0496894,0,3,0.413043,7,0,0,0,,,0,0,0,0,4,1,0.333333,1,1,6,9,9,0.8,3,3,6,16,16,,,,,,,,,,,,,,,,,0,0,1,1,1,2,0,64,1,0.0555556,0.222222,0,0.722222,0.166667,0.666667,0,1,0.522773,0,0.333333,0,0.666667
mltframework__shotcut,,cpp,1,17,350,12,610,5331,4704,296,11819,1786,6045,914,367,0,20001,268,68,16677,33,33,1392,4842,10,302,8.19672,1.5,274,25.1078,2.92787,1,50,0.261114,0,35,1.06799,0.260927,0,181,2.83247,0.00168824,0,3,0.913774,44,0.111475,0.111475,26,2,1.23881,0,0,0,0,5,0,0,0,0,12.6667,39,42,0.941176,3,9,20.5882,42,97,,,,,,,,,,,,,,,,,0,1,1,1,7,14,3,586,1,0,0.128165,0.00649351,0.865342,0,0.727273,0.0714286,1,0.280285,0,0.0909091,0,0.909091
mobile-shell__mosh,,cpp,1,11,79,7,146,813,514,117,2647,399,1163,152,90,0,3939,144,32,3181,31,95,528,2205,6,247,4.32192,2,34,7.03215,2.73288,1,24,0.649446,0,37,2.13824,0.649446,0,21,1.60223,0,0,0,1.84461,16,0.219178,0.219178,16,1,1,0,0,0,0,4,0,0,0,0,14.1429,37,37,0.909091,1,9,7.18182,12,20,,,,,,,,,,,,,,,,,0,1,1,1,9,15,1,121,1,0.114865,0.138108,0.003861,0.743166,0.333333,0.444444,0.027027,0.857143,0.855824,0,0,0,1
moonlight-stream__moonlight-qt,,cpp,1,19,123,7,169,862,716,79,3497,748,1340,193,142,0,5099,50,19,4299,8,43,340,2248,1,182,4.70414,1,54,8.5052,4.42604,1,41,0.394432,0,14,1.10991,0.37007,0,26,1.47325,0.00116009,0,1,1.14305,11,0.112426,0.112426,10,2,1.55556,0,0,0,0,7,0,0,0,0,3,4,4,0.947368,5,5,6.47368,24,29,,,,,,,,,,,,,,,,,0,1,1,1,1,10,0,158,1,0.0555556,0,0,0.944444,0.333333,0,0,1,0.153049,0,0,0,1
mrousavy__react-native-mmkv,,cpp,1,11,12,3,5,20,10,4,60,2,37,8,23,0,99,3,0,79,0,0,1,19,4,0,2.8,3,5,1.6,0.4,0,1,0.05,0,1,0.217945,0.05,0,1,0.217945,0.2,0,1,0,0,0,0,0,,,0,0,0,0,7,1,0.333333,1,1,0.666667,2,2,0.909091,1,4,1.09091,2,6,,,,,,,,,,,,,,,,,0,0,0,0,0,0,0,5,1,0,0,0,1,0,0,0,1,0,0,0,0,1
mudler__LocalAI,,cpp,1,4,3,10,288,621,358,88,2273,223,856,2,7,0,3193,352,12,2746,66,5,118,1304,370,158,1.54861,0,35,5.15298,0.774306,0,43,0.190016,0,9,0.678136,0.181965,0,14,0.803012,0.301127,0,16,1.04036,16,0.0416667,0.0416667,5,1,1,0,0,0,0,5,3,0.8,3,3,14.5,14,123,0.75,1,1,0.75,3,3,,,,,,,,,,,,,,,,,0,1,1,1,0,2,0,286,1,0,0.0159117,0,0.984088,0,0.0714286,0,1,0.0878714,0,0,0,1
ninja-build__ninja,,cpp,1,3,108,4,226,1221,845,174,3697,442,1969,245,111,0,5556,296,40,4703,18,71,474,2177,4,312,4.50885,2,33,6.07566,1.95575,0,19,0.388206,0,15,1.22022,0.388206,0,14,1.06311,0.001638,0,1,1.03846,10,0.176991,0.176991,4,2,1.18919,0,0,0,0,3,1,0.5,2,2,27.75,93,93,0.666667,2,2,36,107,107,,,,,,,,,,,,,,,,,0,1,1,1,14,6,2,204,1,0.0322581,0.356525,0.00358423,0.607632,0.0967742,1,0.0107527,0.941176,0.316522,0,0.333333,0,0.666667
nodegui__nodegui,,cpp,1,287,391,43,326,10455,9592,167,36719,527,12492,967,678,0,49578,227,73,46546,175,66,406,8070,50,492,29.9356,2,238,53.5915,1.61656,2,46,0.0388331,0,25,0.409621,0.037494,0,52,0.607564,0.00344333,0,3,0.979127,51,0.223926,0.223926,48,2,1.66667,0,0,0,0,8,3,0.255814,1,4,0.418605,1,5,0.996516,0,73,1.36237,2,25,,,,,,,,,,,,,,,,,0,1,1,1,5,2,1,318,1,0,0.047619,0,0.952381,0,0.333333,0,1,0.131185,0,0,0,1
nomic-ai__gpt4all,,cpp,1,6,61,2,165,1448,1096,62,4432,584,1972,101,67,0,6465,57,17,5375,14,8,243,1812,16,103,7.01818,0,126,18.7169,3.53939,1,48,0.167818,0,14,0.71208,0.165746,0,10,0.664937,0.00690608,0,2,0.671233,16,0.10303,0.10303,4,1,1,0,0,0,0,4,0,0,0,0,8,16,16,0.833333,3,3,10.1667,36,36,,,,,,,,,,,,,,,,,0,1,1,1,1,4,0,160,1,0,0,0,1,0,0,0,1,0,0,0,0,1
ocornut__imgui,,cpp,1,34,80,4,625,2318,433,117,18422,2015,7367,119,114,0,22583,900,1,18621,121,429,5131,24279,48,1308,0.88,0,71,4.19218,3.224,0,274,2.21355,1,160,7.03434,2.15401,1,138,5.28906,0.0176877,0,6,4.22581,287,0.0016,0.0016,1,1,1,0,0,0,0,7,0,0,0,0,3.75,10,10,0.970588,3,21,2.35294,2,37,,,,,,,,,,,,,,,,,0,1,1,1,0,0,0,625,1,0,0,0,1,0,0,0,1,0,0,0,0,1
official-stockfish__Stockfish,,cpp,1,7,57,21,191,854,434,90,3426,369,1474,132,64,0,4806,592,6,3820,86,24,531,2187,184,441,2.74346,0,88,8.07051,1.93194,0,31,0.62178,0,45,2.57324,0.614754,0,19,1.71174,0.174473,0,4,1.22222,37,0.0314136,0.0314136,2,1,1,0,0,0,0,5,3,0.809524,3,9,7.04762,16,74,0.857143,3,3,8.14286,39,39,,,,,,,,,,,,,,,,,0,1,1,1,6,4,1,180,1,0.0118243,0.0317864,0.0909091,0.86548,0.0675676,0.272727,1,1,0.175515,0,0,0.0909091,0.909091
oguzhaninan__Stacer,,cpp,1,20,98,24,108,569,490,33,1256,312,430,159,118,0,2294,187,0,1660,0,2,96,429,0,30,4.84259,0.5,28,6.77982,2.88889,0,23,0.168717,0,6,0.629954,0.168717,0,9,0.632738,0,0,0,0.605769,12,0,0,0,,,0,0,0,0,5,1,0.5,3,3,1.75,2,20,0.95,2,12,4.9,9,14,,,,,,,,,,,,,,,,,0,0,1,1,0,0,0,108,1,0,0,0,1,0,0,0,1,0,0,0,0,1
openalpr__openalpr,,cpp,1,27,229,36,695,3590,2150,528,14360,1255,7730,342,256,0,19624,1415,83,16678,230,432,2203,11241,336,990,3.85324,1,80,8.47587,1.80576,0,74,0.613649,0,30,1.85454,0.589415,0,71,2.22888,0.0654596,0,4,1.92351,31,0.119424,0.119424,6,2,1.11392,0,0,0,0,7,3,0.611111,2,9,12.5833,44,115,0.962963,3,9,8.48148,24,32,,,,,,,,,,,,,,,,,0,1,1,1,16,27,14,638,1,0.0247125,0.0112677,0.00209468,0.961925,0.5,0.181818,0.0649351,1,0.133126,0,0,0,1
patriciogonzalezvivo__glslViewer,,cpp,1,12,56,2,117,651,249,52,3005,277,1603,56,68,0,3969,41,5,2934,9,10,365,1996,26,114,2.57265,0,40,7.66312,2.36752,0,49,0.560676,0,23,1.85758,0.556068,0,13,1.22613,0.0368664,0,8,1.78339,12,0.042735,0.042735,1,2,1.2,0,0,0,0,6,0,0,0,0,7,10,10,0.916667,2,3,4.66667,12,17,,,,,,,,,,,,,,,,,0,1,1,1,0,0,0,117,1,0,0,0,1,0,0,0,1,0,0,0,0,1
peterbraden__node-opencv,,cpp,1,4,39,1,29,104,56,27,531,63,165,64,43,0,787,1,1,622,0,9,2,73,0,0,2.86207,3,12,2.06321,2.17241,1,7,0.0192308,0,1,0.137335,0.0192308,0,2,0.195171,0,0,0,0.238095,2,0.0344828,0.0344828,1,1,1,0,0,0,0,3,0,0,0,0,1,1,1,0.75,3,3,9.75,37,37,,,,,,,,,,,,,,,,,0,1,1,0,0,0,0,29,1,0,0,0,1,0,0,0,1,0,0,0,0,1
progschj__ThreadPool,,cpp,1,1,2,0,1,4,0,1,19,5,6,1,3,0,24,0,0,22,0,1,0,5,4,1,1,1,1,0,5,5,5,0,0,0,0,0,0,0,0,1,0,4,0.4,1,0,0,0,,,0,0,0,0,2,,,,,,,,0,0,0,2,2,2,,,,,,,,,,,,,,,,,0,0,1,1,0,0,0,1,1,,,,,,,,,,,,,
qinguoyi__TinyWebServer,,cpp,1,9,18,0,20,128,87,15,545,124,211,22,27,0,769,4,0,621,6,7,164,689,2,25,5.1,4,26,6.27615,6.2,2,35,1.28125,0,9,1.89134,1.26562,1,21,3.10112,0,0,0,2.80645,11,0,0,0,,,0,0,0,0,4,,,,,,,,0.888889,7,7,2,5,5,,,,,,,,,,,,,,,,,0,0,1,1,0,0,0,20,1,,,,,,,,,,,,,
raulmur__ORB_SLAM2,,cpp,1,21,158,13,463,2391,1910,225,8885,1169,3630,269,179,0,12680,591,73,10957,36,59,678,5280,132,139,4.61123,0,57,9.2002,2.52484,0,72,0.283563,0,18,1.13897,0.283145,0,10,0.787106,0.0317859,0,5,1.1574,15,0.157667,0.157667,7,4,1.36111,0,0,0,0,7,1,0.384615,2,3,21.1538,77,114,0.952381,4,4,7.52381,19,70,,,,,,,,,,,,,,,,,0,1,1,1,23,28,6,406,1,0.162664,0.0565908,0.00217589,0.778569,1,0.181818,0.012987,1,0.440999,0.1,0,0,0.9
recastnavigation__recastnavigation,,cpp,1,27,106,21,723,3564,1777,412,18597,1833,8008,258,133,0,24244,822,138,20623,136,196,3561,18203,406,1180,3.02766,0,48,6.32056,2.53527,1,42,0.999158,0,57,3.06225,0.989338,0,72,3.25401,0.0743547,0,6,2.83361,44,0.190871,0.190871,16,4,1.53731,0,0,0,0,5,3,0.761905,1,9,16.0476,32,142,0.962963,3,7,3.92593,11,21,,,,,,,,,,,,,,,,,0,1,1,1,15,19,4,685,1,0.0548859,0.0855644,0.0130719,0.846478,0.5,1,0.222222,1,0.318344,0,0.0588235,0,0.941176
rizsotto__Bear,,cpp,1,64,156,37,152,690,327,135,1886,143,1113,187,220,0,3177,362,28,2236,29,30,109,732,64,91,3.03947,2,17,3.08409,0.940789,0,5,0.157971,0,10,0.716049,0.142029,0,18,0.972134,0.0782609,0,4,0.804196,17,0.184211,0.184211,4,2,1.39286,0,0,0,0,8,2,0.486486,2,4,3.51351,8,32,0.984375,3,13,2.4375,6,19,,,,,,,,,,,,,,,,,0,1,1,1,3,3,0,146,1,0.0486111,0.0555556,0,0.895833,0.5,1,0,1,0.164586,0,0.0416667,0,0.958333
s3fs-fuse__s3fs-fuse,,cpp,1,3,73,0,163,1472,897,125,5881,320,3189,189,76,0,8142,9,0,6830,22,202,1501,4569,4,476,6.26994,0,196,19.4214,1.96319,0,33,1.0197,0,70,3.13037,1.01427,0,181,5.79558,0.00271739,0,1,2.20312,40,0,0,0,,,0,0,0,0,3,,,,,,,,0.666667,2,2,24.3333,68,68,,,,,,,,,,,,,,,,,0,0,1,1,0,0,0,163,1,,,,,,,,,,,,,
scottbez1__smartknob,,cpp,1,11,44,1,59,136,85,18,537,146,182,51,55,0,819,25,4,616,3,5,42,232,3,69,1.74576,0,25,4.17252,2.47458,1,20,0.308824,0,6,0.762298,0.308824,0,5,0.818128,0.0147059,0,1,0.390411,4,0.0677966,0.0677966,2,2,1.5,0,0,0,0,7,0,0,0,0,7,7,7,0.909091,2,4,4,10,20,,,,,,,,,,,,,,,,,0,1,1,1,0,0,0,59,1,0,0,0,1,0,0,0,1,0,0,0,0,1
sebastianstarke__AI4Animation,,cpp,1,197,1085,7,4187,3710,1927,491,14826,418,5174,12,1282,0,23306,4364,197,17390,482,58,571,8780,3212,770,0.577502,0,100,3.38239,0.0998328,0,16,0.153908,0,8,0.515819,0.133154,0,37,0.997061,0.454987,0,10,3.41866,25,0.0470504,0.0470504,36,3,1.22396,0,0,0,0,18,2,0.714286,4,4,212.143,1056,1056,0.994924,1,25,5.50761,14,67,,,,,,,,,,,,,,,,,0,1,1,1,1,33,0,4153,1,0.000472813,0.00681684,0,0.99271,0.00236407,0.0293561,0,1,0.0516991,0,0,0,1
seetaface__SeetaFaceEngine,,cpp,1,22,76,4,90,419,281,64,1865,247,675,114,98,0,2687,77,20,2238,6,37,145,1566,4,88,3.83333,2,28,4.95143,2.74444,1,16,0.346062,0,8,1.16515,0.346062,0,12,1.30065,0.00954654,0,1,1.7004,15,0.222222,0.222222,10,1,1,0,0,0,0,5,1,0.5,1,1,15,22,22,0.954545,3,5,3.45455,7,21,,,,,,,,,,,,,,,,,0,1,1,1,2,2,0,86,1,0,0.041958,0,0.958042,0,0.0909091,0,1,0.207685,0,0,0,1
snowie2000__mactype,,cpp,1,2,60,7,522,1457,785,186,5434,747,1982,70,62,0,7725,324,20,6206,71,62,419,2918,325,354,1.86015,0,109,6.71089,1.43103,0,70,0.287577,0,22,1.27445,0.277968,0,28,1.12451,0.0947152,0,6,0.796519,17,0.0383142,0.0383142,5,1,1,0,0,0,0,3,2,0.714286,3,3,18.4286,107,107,0.5,1,1,30,56,56,,,,,,,,,,,,,,,,,0,1,1,1,0,2,0,520,1,0,0.0161549,0,0.983845,0,0.0714286,0,1,0.0895313,0,0,0,1
sogou__workflow,,cpp,1,18,258,3,544,3301,2141,329,10910,1276,6211,393,276,0,14324,201,101,13229,2,53,1262,9086,108,329,4.54044,0,103,9.59004,2.34559,1,29,0.382308,0,16,1.08521,0.371403,0,15,1.07949,0.0190851,0,4,2.81113,59,0.185662,0.185662,8,4,1.61616,0,0,0,0,5,0,0,0,0,26.6667,77,77,0.944444,4,9,14.3333,45,77,,,,,,,,,,,,,,,,,0,1,1,1,4,5,0,535,1,0,0.0194805,0,0.980519,0,0.038961,0,1,0.118754,0,0,0,1
spotify__annoy,,cpp,1,3,7,2,31,202,100,6,881,52,399,6,10,0,1117,35,7,1041,0,0,51,560,143,8,3.41935,0,26,6.69508,1.67742,0,14,0.252475,0,3,0.536415,0.252475,0,12,1.14348,0.623762,0,4,1.71154,9,0.225806,0.225806,3,2,1.42857,0,0,0,0,3,1,0.5,1,1,6,12,12,0.666667,2,2,2.33333,6,6,,,,,,,,,,,,,,,,,0,1,0,1,1,1,0,29,1,0,0,0,1,0,0,0,1,0,0,0,0,1
spotify__pedalboard,,cpp,1,8,73,9,130,898,609,68,2788,437,968,63,81,0,3902,319,30,3438,9,5,144,1575,52,69,5.20769,3,63,7.21718,3.36154,2,38,0.160356,0,7,0.549254,0.159243,0,15,0.796868,0.0211581,0,3,1.01831,11,0.230769,0.230769,13,2,1.13333,0,0,0,0,4,2,0.666667,3,3,11.6667,65,65,0.875,4,4,9.125,23,23,,,,,,,,,,,,,,,,,0,1,1,1,2,2,1,125,1,0.0357143,0.0021978,0.00793651,0.954151,0.25,0.0153846,0.0555556,1,0.1765,0,0,0,1
ssloy__tinyraytracer,,cpp,1,1,1,0,3,16,9,0,71,10,22,0,2,0,90,0,0,74,9,0,20,91,0,19,3,0,9,4.24264,3.33333,3,4,1.25,0,5,1.60078,1.25,1,5,1.43614,0,0,0,3.5,10,0,0,0,,,0,0,0,0,2,,,,,,,,0,0,0,1,1,1,,,,,,,,,,,,,,,,,0,0,0,1,0,0,0,3,1,,,,,,,,,,,,,
ssloy__tinyrenderer,,cpp,1,1,9,0,16,86,58,5,364,39,151,10,10,0,491,1,1,418,31,2,38,260,31,62,3.9375,1.5,15,4.99335,2.4375,1,12,0.44186,0,6,1.07406,0.44186,0,3,0.621413,0.302326,0,3,1.41026,6,0.0625,0.0625,1,1,1,0,0,0,0,2,,,,,,,,0,0,0,9,9,9,,,,,,,,,,,,,,,,,0,1,1,1,0,0,0,16,1,,,,,,,,,,,,,
swig__swig,,cpp,1,299,510,1,212,2556,1296,81,17595,688,5907,237,809,0,23970,40,34,18188,31,63,13196,18907,5,400,6.49528,0,106,16.3435,3.24528,0,65,5.16275,2,79,7.93775,5.15962,1,835,31.7854,0.00117371,0,1,4.19331,107,0.160377,0.160377,18,2,1.52941,0,0,0,0,10,0,0,0,0,3,3,3,0.996656,2,24,1.70569,2,31,,,,,,,,,,,,,,,,,0,1,1,1,1,1,0,210,1,0,0,0,1,0,0,0,1,0,0,0,0,1
szad670401__HyperLPR,,cpp,1,24,62,38,414,1636,884,227,3776,633,1847,90,86,0,5988,841,83,4867,162,49,181,1568,282,340,2.68357,1,36,4.57771,1.52899,0,31,0.110636,0,7,0.520353,0.103912,0,4,0.406499,0.119804,0,3,0.709321,12,0.200483,0.200483,11,3,1.4359,0,0,0,0,6,3,0.815789,4,8,8.15789,31,99,0.958333,3,5,2.58333,6,10,,,,,,,,,,,,,,,,,0,1,1,1,8,8,0,398,1,0.0339899,0.0576263,0,0.908384,0.333333,1,0,1,0.170874,0,0.04,0,0.96
tjanczuk__edge,,cpp,1,20,69,15,450,1059,617,74,4132,203,1986,107,89,0,5994,486,8,4868,99,66,445,2568,425,181,1.53556,0,72,5.40862,0.451111,0,18,0.420208,0,34,1.59792,0.405099,0,36,1.74731,0.306893,0,5,2.03448,85,0.0177778,0.0177778,6,1,1,0,0,0,0,8,3,0.533333,1,3,16.4667,14,202,0.95,2,6,3.45,9,10,,,,,,,,,,,,,,,,,0,1,1,1,4,4,2,440,1,0.0854167,0.0104167,0.0354167,0.86875,0.6,0.0833333,0.2,1,0.322309,0.125,0,0,0.875
topjohnwu__Magisk,,cpp,1,19,83,8,272,1342,463,160,4869,588,2709,156,102,0,6803,71,72,5138,22,78,838,3156,94,271,2.29044,0,41,5.02423,2.16176,0,22,0.624441,0,25,1.7768,0.586438,0,24,1.54406,0.0581222,0,3,1.30612,28,0.264706,0.264706,6,5,1.91549,0,0,0,0,6,1,0.125,1,1,1.625,6,6,0.947368,5,7,4.36842,9,13,,,,,,,,,,,,,,,,,0,1,1,1,2,2,0,268,1,0.0714286,0.0238095,0,0.904762,0.5,0.166667,0,1,0.235717,0,0,0,1
trojan-gfw__trojan,,cpp,1,6,33,0,42,130,117,8,590,103,245,49,39,0,862,17,5,634,0,6,72,481,0,30,2.97619,0,16,4.76339,2.45238,0,17,0.553846,0,5,1.03077,0.553846,0,8,1.20933,0,0,0,1.79612,10,0.119048,0.119048,5,1,1,0,0,0,0,4,,,,,,,,0.833333,4,4,5.5,12,12,,,,,,,,,,,,,,,,,0,1,1,1,0,0,0,42,1,,,,,,,,,,,,,
tzapu__WiFiManager,,cpp,1,2,7,0,0,0,0,0,0,0,0,1,9,0,0,0,0,0,0,0,0,0,0,0,,,,,,,,,,,,,,,,,,,,,,,,,,0,0,0,0,3,,,,,,,,0.5,1,1,3.5,6,6,,,,,,,,,,,,,,,,,0,0,0,0,0,0,0,0,,,,,,,,,,,,,,
uNetworking__uWebSockets,,cpp,1,2,10,0,8,111,7,2,633,14,162,5,12,0,754,0,0,579,0,0,18,310,65,63,1.125,0.5,3,1.26861,1.75,1.5,5,0.162162,0,5,0.562179,0.162162,0,7,0.885728,0.585586,1,2,0.714286,3,0,0,0,,,0,0,0,0,3,,,,,,,,0.5,1,1,5,9,9,,,,,,,,,,,,,,,,,0,0,0,1,0,0,0,8,1,,,,,,,,,,,,,
visualfc__liteide,,cpp,1,150,940,21,1371,9044,7207,638,29302,3920,14058,1492,1090,0,45187,796,315,36801,309,398,4285,18802,29,2132,5.7221,1,302,14.3842,2.85923,1,84,0.473795,0,69,1.87858,0.468266,0,53,1.90729,0.000995135,0,2,1.5523,49,0.229759,0.229759,29,5,1.3949,0,0,0,0,9,2,0.285714,1,2,13.8095,33,104,0.993333,2,34,6.26667,15,69,,,,,,,,,,,,,,,,,0,1,1,1,47,56,6,1262,1,0.166861,0.0589226,0.00173611,0.772481,1,0.5,0.03125,1,0.467651,0.0555556,0,0,0.944444
vnotex__vnote,,cpp,1,26,539,7,718,6250,5587,437,15473,1823,9188,1734,565,0,26033,696,139,21366,584,44,1902,6329,50,820,8.38997,2,101,15.9201,2.539,0,43,0.30432,0,27,1.13371,0.30176,0,126,2.04043,0.0072,0,2,1.06912,20,0.193593,0.193593,19,3,1.2,0,0,0,0,6,1,0.142857,1,1,66.2857,327,327,0.961538,3,9,20.7308,61,139,,,,,,,,,,,,,,,,,0,1,1,1,9,14,0,695,1,0.0498034,0.0460588,0,0.904138,0.333333,0.285714,0,1,0.303091,0,0,0,1
wang-xinyu__tensorrtx,,cpp,1,70,282,19,164,1401,742,111,16516,441,5675,293,352,0,23135,333,6,16903,25,42,350,7075,38,314,5.20122,0,56,9.4341,2.68902,1,17,0.249822,0,19,1.09132,0.24768,0,11,0.787598,0.0264097,0,4,2.06576,42,0.0365854,0.0365854,1,1,1,0,0,0,0,4,1,0.0526316,0,1,6,32,36,0.985714,2,46,4.02857,8,13,,,,,,,,,,,,,,,,,0,1,1,1,0,0,0,164,1,0,0,0,1,0,0,0,1,0,0,0,0,1
wangyu-__UDPspeeder,,cpp,1,3,41,1,127,580,98,16,2904,413,1423,55,44,0,3878,9,4,2858,1,5,861,3324,5,143,0.897638,0,15,2.66454,3.25197,0,88,1.48448,1,19,2.42646,1.45345,1,45,3.10942,0.00344828,0,1,2.97579,64,0.0314961,0.0314961,4,1,1,0,0,0,0,3,0,0,0,0,1,1,1,0.666667,2,2,13.6667,23,23,,,,,,,,,,,,,,,,,0,1,1,1,0,0,0,127,1,0,0,0,1,0,0,0,1,0,0,0,0,1
wangyu-__udp2raw,,cpp,1,6,53,1,151,671,65,13,3793,462,1953,73,59,0,4967,11,2,3527,0,6,1091,4427,5,167,0.516556,0,16,2.14029,3.0596,0,88,1.62593,1,21,2.46922,1.57973,1,85,4.26707,0.00298063,0,1,3.20996,60,0.013245,0.013245,2,1,1,0,0,0,0,5,0,0,0,0,1,1,1,0.833333,2,2,8.83333,22,22,,,,,,,,,,,,,,,,,0,1,1,1,0,0,0,151,1,0,0,0,1,0,0,0,1,0,0,0,0,1
wjakob__instant-meshes,,cpp,1,5,44,8,236,1157,418,46,5327,285,2769,86,49,0,6904,784,5,5489,416,247,1064,4311,203,754,1.9661,0,71,8.29073,1.20763,0,93,0.91962,0,32,1.62721,0.890233,0,58,3.67442,0.129646,0,5,3.16491,42,0.0211864,0.0211864,2,1,1,0,0,0,0,4,2,0.75,2,2,16.375,57,57,0.8,2,2,8.8,41,41,,,,,,,,,,,,,,,,,0,1,1,1,2,2,2,230,1,0.0111111,0.0111111,0.4,0.577778,0.0277778,0.0277778,1,1,0.14604,0,0,0.4,0.6
wjakob__nanogui,,cpp,1,13,93,7,865,835,666,69,5279,302,1568,205,106,0,7998,130,38,3340,18,32,260,2493,51,92,0.849711,0,71,4.6885,0.349133,0,55,0.311377,0,22,1.41296,0.279042,0,10,0.764468,0.0443114,0,6,1.50993,18,0.0439306,0.0439306,17,5,2.42105,0,0,0,0,6,1,0.428571,2,2,9.28571,45,45,0.923077,2,4,7.15385,33,34,,,,,,,,,,,,,,,,,0,1,1,1,13,4,0,848,1,0.211111,0.0981481,0,0.690741,1,0.5,0,1,0.388944,0.166667,0,0,0.833333
wuye9036__CppTemplateTutorial,,cpp,1,1,5,20,141,47,12,0,256,23,47,3,6,0,464,171,4,243,0,0,3,22,101,6,0.0851064,0,2,0.325933,0.163121,0,2,0.0638298,0,1,0.244449,0.0638298,0,1,0.244449,0.510638,0,2,0,0,0.0283688,0.0283688,1,2,1.25,0,0,0,0,2,0,0,0,0,4.05,9,12,0,0,0,5,5,5,,,,,,,,,,,,,,,,,0,1,0,1,0,0,0,141,1,0,0,0,1,0,0,0,1,0,0,0,0,1
wwmm__easyeffects,,cpp,1,3,264,150,238,1540,487,244,8206,2004,3550,674,267,0,10855,1756,61,7407,5,34,200,2486,69,292,3.07143,0,42,5.87967,8.42017,4,50,0.12987,0,8,0.586662,0.126623,0,28,1.26858,0.0435065,0,3,0.215569,31,0.256303,0.256303,29,1,1,0,0,0,0,3,2,0.926667,0,45,0.84,2,22,0.666667,2,2,88,137,137,,,,,,,,,,,,,,,,,0,1,1,1,0,1,0,237,1,0,0.00628931,0,0.993711,0,0.333333,0,1,0.0173263,0,0,0,1
xtaci__algorithms,,cpp,1,5,143,2,146,707,453,80,2434,295,797,169,148,0,3436,198,12,2987,24,36,612,2895,63,98,3.65068,1,33,5.64667,2.02055,2,7,0.865629,0,84,3.39778,0.862801,0,15,1.62707,0.0381895,0,1,3.34915,24,0.0821918,0.0821918,3,1,1,0,0,0,0,3,0,0,0,0,28.5,44,44,0.8,4,4,28.6,71,71,,,,,,,,,,,,,,,,,0,1,1,1,5,5,0,136,1,0,0.0725524,0,0.927448,0,0.0769231,0,0.931818,0.375173,0,0,0,1
yangyangwithgnu__hardseed,,cpp,1,7,35,3,54,292,160,47,1063,62,537,50,42,0,1528,93,19,1215,11,10,56,476,6,36,3.83333,1,41,7.71662,1.14815,0,11,0.191781,0,8,0.665336,0.191781,0,7,0.724475,0.0136986,0,2,0.919355,8,0.351852,0.351852,3,2,1.63158,0,0,0,0,6,0,0,0,0,4,12,12,0.857143,3,3,5,22,22,,,,,,,,,,,,,,,,,0,1,1,1,0,0,0,54,1,0,0,0,1,0,0,0,1,0,0,0,0,1
yedf2__handy,,cpp,1,7,66,9,111,658,477,67,1766,166,981,77,73,0,2745,152,35,2215,58,51,480,1400,28,170,4.9009,2,38,7.19854,1.4955,0,21,0.729483,0,20,1.77703,0.729483,0,40,2.93854,0.0410334,0,1,2,18,0.315315,0.315315,13,2,1.08571,0,0,0,0,3,2,0.777778,3,3,9.55556,61,61,0.857143,6,6,9.42857,34,34,,,,,,,,,,,,,,,,,0,1,1,1,5,7,0,99,1,0.0182963,0,0,0.981704,0.0655738,0,0,1,0.0980678,0,0,0,1
yuesong-feng__30dayMakeCppServer,,cpp,1,37,293,0,32,263,191,39,1078,76,548,423,330,0,3052,1,0,1236,3,33,110,587,8,12,7.1875,0.5,43,11.7565,2.375,0,15,0.418251,0,26,2.0208,0.418251,0,11,1.16016,0.0304183,0,8,0.986842,11,0,0,0,,,0,0,0,0,6,,,,,,,,0.972973,2,16,7.91892,20,22,,,,,,,,,,,,,,,,,0,0,1,1,0,0,0,32,1,,,,,,,,,,,,,
zeek__zeek,,cpp,1,181,829,269,490,2705,1490,235,7697,727,3704,109,1010,0,12512,1930,51,8912,22,23,183,2782,41,214,3.52041,1,73,7.8945,1.48367,0,28,0.0676525,0,5,0.328903,0.0654344,0,7,0.370551,0.012939,0,2,0.405777,30,0.104082,0.104082,14,2,1.16667,0,0,0,0,8,3,0.959108,1,59,1.52788,2,68,0.994475,1,44,4.58011,7,182,,,,,,,,,,,,,,,,,0,1,1,1,3,3,0,484,1,0.00141066,0.00971713,0,0.988872,0.142857,1,0,1,0.0138278,0,0.00641026,0,0.99359
zeromq__libzmq,,cpp,1,19,456,2,411,2894,1165,228,10873,887,4915,1181,475,0,16258,363,74,12093,17,221,3941,8121,50,733,3.38929,0,84,7.74498,2.15815,0,90,1.36178,1,35,2.19129,1.35695,0,381,9.78879,0.0107118,0,3,1.95378,25,0.180049,0.180049,15,4,1.9375,0,0,0,0,6,1,0.5,1,1,78,156,156,0.947368,5,8,24,147,272,,,,,,,,,,,,,,,,,0,1,1,1,3,5,0,403,1,0,0.0320513,0,0.967949,0,0.0320513,0,0.967949,0.204577,0,0,0,1
zeux__meshoptimizer,,cpp,1,6,46,1,246,818,19,4,8103,727,3336,48,52,0,9280,173,0,8006,45,23,943,7752,73,475,0.0934959,0,2,0.407499,2.95528,1,47,1.15281,0,57,2.99427,1.11858,0,42,3.4289,0.0855746,0,2,3.26547,55,0,0,0,,,0,0,0,0,3,0,0,0,0,23,23,23,0.833333,5,5,7.66667,17,17,,,,,,,,,,,,,,,,,0,0,1,1,0,0,0,246,1,0,0,0,1,0,0,0,1,0,0,0,0,1
zhedahht__CodingInterviewChinese2,,cpp,1,81,93,0,24,322,22,8,2483,28,930,10,174,0,3285,4,1,2494,2,7,522,1691,5,13,1.25,0,8,1.9632,1.16667,0,5,1.62112,0,53,5.09103,1.61801,1,19,2.65045,0,0,0,2.42857,13,0.0416667,0.0416667,1,1,1,0,0,0,0,3,,,,,,,,0.987654,0,80,1.14815,1,10,,,,,,,,,,,,,,,,,0,1,1,1,0,0,0,24,1,,,,,,,,,,,,,
